row ID;row m/z;row retention time;HF_G_82;HF_G_182;HF_G_174;HF_G_201;HF_G_100;HF_G_X2;HF_G_184;HF_G_196;HF_G_170;HF_G_195;AF_G_191;AF_G_X5;AF_G_193;AF_G_X1;AF_G_187;AF_G_X2;AF_G_X6;AF_G_120;AF_G_X4;AF_G_070;AF_G_X3;AF_G_178;AM_G_180;AM_G_175;AM_G_194;AM_G_189;AM_G_165;AM_G_167;AM_G_192;AM_G_155;AM_G_163;AM_G_181;AM_G_164;HM_G_150;HM_G_112;HM_G_162;HM_G_119;HM_G_103;HM_G_158;HM_G_172;HM_G_159;HM_G_169;HM_G_005;3;5;1;2;4
2;44,01121109;13,74786691;1,32E+07;6462620,91;5633774,442;1,20E+07;7154044,458;5312489,756;6299785,312;1,49E+07;1,06E+07;7578064,707;1395452,823;3107153,272;1,05E+07;8375250,437;3246267,104;1,08E+07;2139092,022;8438996,998;4794804,711;1,09E+07;4793280,875;5623392,422;1,53E+07;1,08E+07;5720973,014;1,23E+07;9563562,064;5876025,177;0;1,87E+07;1,46E+07;1,46E+07;1,20E+07;5582555,314;2,48E+07;1,36E+07;1,31E+07;6528219,545;2,10E+07;2,53E+07;1,05E+07;1,18E+07;2,43E+07;17987,36243;709963,5235;140581,03;16605,02027;222459,5294
3;44,00556632;15,70311662;51403,23249;42366,89145;12647,37042;108275,0189;46343,20478;155867,2246;220734,7326;73051,08046;56935,73645;67724,68629;62278,69511;68530,05803;114894,8578;66629,29922;36351,2979;112446,4962;416314,1881;128436,9052;78905,69727;260087,0779;272089,7719;31812,49391;1967921,62;493477,7923;704022,2016;2177323,009;1136165,829;1993206,201;2276613,698;970663,8732;685937,4705;895115,164;1844293,787;36605,60184;276520,9177;195799,7858;184382,8929;277272,1639;474923,5767;219167,6589;493886,3741;543819,6943;560692,0983;66157,46645;87047,88965;5711,738161;278461,1943;1462484,325
4;44,00698728;15,96690926;430060,4841;309496,3059;240223,6995;315638,2032;250241,9755;295328,9303;318865,5057;772748,17;293147,2059;424462,9966;293657,0657;473047,0846;667739,2275;361768,0327;363896,1388;536193,5501;297697,081;550279,0389;561457,2233;510040,8278;315490,5711;391284,0682;2088095,578;1727500,395;907259,3638;2309003,854;1067627,805;1191534,481;1233033,725;2639441,011;1682681,345;2269630,374;1795200,643;447453,2824;873451,8111;767121,9796;906182,8814;269074,1802;731280,2437;1026535,69;722362,6466;1352739,548;1177466,226;129359,6933;220587,2213;119629,4961;122567,8057;153928,8698
5;44,00722272;16,02612979;7941,036077;1903,448484;109410,3271;2060,5786;129287,5226;0;1870,915874;2116,650774;1719,613017;0;2229,822465;1511,589199;0;70175,46073;7956,982749;0;16068,82922;3455,417542;2013,694199;66323,75547;18314,06078;7444,088965;174,2062054;708637,4663;742,503496;2263109,412;8698,530465;28700,51525;830237,6417;0;6932,31812;423,4271951;2549,114874;7242,418951;1047,26499;1093,940489;0;259718,5569;1847,568442;0;1521,626157;3388,118077;0;6062,817387;149271,8461;22775,29373;14146,67081;153928,8698
6;44,00560754;16,18264375;144433,7485;34515,8155;59281,24951;9984,246002;59579,97609;62374,26682;93101,07879;76270,95611;39657,32619;88192,39507;209358,237;265575,1811;224375,8372;4292,355295;206369,767;40413,38506;215862,9115;90137,18837;2183036,574;221436,1099;165042,5918;131009,3734;440208,039;502379,8786;382177,4922;911010,5085;316109,7058;1539694,456;206239,5732;1056157,847;1342131,136;591670,0775;264721,0925;229646,0899;123540,508;81826,76241;11216,73741;163669,389;794863,5138;402278,5178;802602,8627;1542572,016;1113774,23;113627,5144;108459,2625;36686,28782;83450,22935;16637,88667
7;44,01937634;17,95817637;2496603,143;4569750,241;4143244,108;3909544,442;3458093,907;2778386,869;5474414,876;4127795,221;2758589,421;5863890,608;3529176,747;3781807,735;4509377,194;3615160,465;4797367,833;2305784,871;4087839,565;3935681,858;7525332,722;5955923,185;4559425,446;4730875,94;4412952,852;4609967,344;6700727,016;2582342,323;6911624,006;5023020,87;5471072,85;4750798,853;9622742,256;3997107,939;3453756,497;4181809,667;4177160,07;3632401,604;4892652,413;4795720,756;6133048,803;3924582,846;6913897,487;6234944,772;7047722,982;55788,26935;115987,9423;33725,04087;68015,32783;22415,55038
8;44,01983185;18,33055971;2561175,728;3410741,283;4386410,605;1338327,008;3580921,757;4186855,011;1,35E+07;4557442,794;953913,0204;5925133,963;4881705,32;3120085,864;5321646,301;2758519,309;6721712,564;2705680,861;3964830,921;4463234,339;9173088,201;2211407,382;3736556,821;5410372,926;8357928,198;2462635,425;8074031,367;2888721,199;1,13E+07;4241308,802;9285948,786;3593534,727;1,44E+07;4146015,158;4613125,465;5774369,013;3879500,574;3221632,7;4799905,085;0;6221144,552;5428990,065;1,38E+07;5909941,038;8406173,938;26890,31485;187174,8825;24460,10746;8230,697756;9449,684268
9;44,0100787;18,58585587;7236341,723;2,12E+07;1,89E+07;1,85E+07;8082316,305;1,38E+07;2,42E+07;2,19E+07;7717494,344;2,65E+07;8695352,657;9392376,192;1,99E+07;1,47E+07;1,80E+07;7632739,186;1,76E+07;1,63E+07;2,53E+07;2,10E+07;1,53E+07;1,67E+07;1,94E+07;2,31E+07;2,52E+07;2815095,768;2,51E+07;2,02E+07;0,00E+00;2,32E+07;3,30E+07;1,98E+07;1,71E+07;2,22E+07;1,84E+07;1,99E+07;2,34E+07;1454883,419;2,71E+07;2,02E+07;2,80E+07;2,87E+07;2,89E+07;28878,79207;594514,7859;40576,77069;49708,53488;24421,5258
10;44,01680339;20,98849262;7196226,439;1,09E+07;1,16E+07;2,21E+07;8556993,18;1,12E+07;1,63E+07;1,01E+07;4695127,999;1,77E+07;8678478,466;8852020,78;9498994,836;1,04E+07;9280134,901;7424506,491;1,39E+07;1,05E+07;1,72E+07;2,48E+07;1,31E+07;1,44E+07;1,55E+07;1,60E+07;2,02E+07;1,25E+07;1,70E+07;1,40E+07;1,20E+07;1,55E+07;2,00E+07;1,43E+07;1,09E+07;1,59E+07;1,15E+07;8635623,648;1,68E+07;1,36E+07;1,66E+07;1,44E+07;1,73E+07;1,51E+07;1,71E+07;94442,78948;9570,745246;6952,636521;47761,93083;11464,49613
11;44,00922539;28,65889171;2,41E+07;2,18E+07;2,31E+07;7956851,329;2,05E+07;2,50E+07;2,30E+07;2,68E+07;2,18E+07;2,36E+07;1,18E+07;0,00E+00;0,00E+00;2,36E+07;1,03E+07;3,40E+07;1,68E+07;1,06E+07;0,00E+00;4,02E+07;1,41E+07;1,48E+07;0,00E+00;0,00E+00;0,00E+00;6910633,818;2,54E+07;3,11E+07;4,63E+07;2,25E+07;4,27E+07;0,00E+00;0,00E+00;2,16E+07;5,82E+07;5,65E+07;3,19E+07;6,04E+07;6,20E+07;6,68E+07;4,10E+07;6,85E+07;6,85E+07;0;0;0;0,00E+00;0,00E+00
14;44,01144177;13,45472311;2646227,691;1628218,234;1700165,782;1402248,685;2093605,309;2886867,956;2549687,509;2603837,866;1126841,956;2657884,372;185997,9279;352139,2349;2520053,47;856246,7054;662283,5007;2935799,352;176587,7777;1918602,167;579382,6362;586494,2808;1261057,949;966879,4374;1883592,439;465124,3307;1723841,671;3040650,603;3415775,505;3805328,144;5422653,823;3555507,25;2160914,296;3271312,976;3561023,056;1019388,533;3851031,046;2454612,791;2266734,374;3012553,5;2881544,989;3441282,695;2538674,024;1100080,539;4196329,797;75162,12014;197054,5346;56417,17213;47373,89537;599408,2081
15;44,0112401;18,45862053;5873914,884;2182887,425;1744317,799;1348229,713;1878345,595;2,92E+07;3667985,969;2672113,871;3840063,854;2337379,005;1468807,762;1007234,391;2852412,39;6278514,425;4130694,344;3653669,383;2159955,948;3822451,026;2144440,717;1,77E+07;1,60E+07;1252417,784;3587757,142;1960159,407;2080059,379;4185397,438;3456593,765;5625559,875;3901492,949;2788375,457;3902170,284;2427739,895;4863665,342;1891703,851;4934483,18;2784969,491;2622957,794;4161914,198;2602344,459;4114728,469;4478457,016;53237,92332;4581502,22;83747,57565;762209,2299;101145,944;68500,99471;22243,9116
16;44,0074229;23,72770505;4545495,129;6530683,341;5798133,196;7374941,178;6385387,502;1,73E+07;7912824,34;7127246,375;7044697,412;1,00E+07;2257075,58;5081613,867;5783025,057;7347990,103;1642617,857;3392158,933;5645128,868;3272643,211;9410697,18;2,15E+07;1,03E+07;268844,2528;2,16E+07;2,23E+07;2,09E+07;2,31E+07;2,00E+07;2,57E+07;2,29E+07;1,81E+07;2,72E+07;2,52E+07;1,65E+07;304483,2395;628861,1401;185618,6338;2008667,505;796525,3405;1382491,874;9888085,253;1762817,219;9511258,968;2,90E+07;14517,03699;53632,93402;5017,797876;11698,74274;13993,32386
17;44,01010808;23,74848604;7002357,955;4359522,393;4332197,067;6638260,726;5016687,376;1,39E+07;5308373,573;6528380,051;5260182,868;5990975,353;1858025,321;4366655,464;4529617,679;5399953,626;1278147,768;6157147,653;4240258,417;2837283,241;6567575,523;1,49E+07;6191263,877;1419474,328;2,07E+07;2,18E+07;1,97E+07;2,24E+07;1,85E+07;2,44E+07;2,13E+07;1,65E+07;2,39E+07;2,43E+07;1,59E+07;1,34E+07;1,45E+07;2,36E+07;1,55E+07;1,47E+07;2,84E+07;2,04E+07;1,96E+07;1,91E+07;2,36E+07;27618,14359;53591,67889;14290,11922;19450,06049;11511,59367
18;44,00873143;26,04616211;4491003,283;2597761,129;1957179,001;3531226,119;2931821,736;5516250,347;2460505,409;7427337,836;4626657,89;3687692,895;2476940,543;2692002,025;3198754,221;4257896,664;928310,2221;3030312,895;3365932,773;1713739,029;2895128,253;1,35E+07;6965456,259;1667131,278;2,59E+07;1,40E+07;1,92E+07;2,73E+07;1,79E+07;3,11E+07;2,20E+07;1,50E+07;3,16E+07;2,14E+07;1,82E+07;8838239,823;1,26E+07;1,79E+07;1,16E+07;1,28E+07;2,06E+07;2,80E+07;1,76E+07;2,12E+07;2,62E+07;11913,77766;17334,71145;13464,53061;11395,92362;15748,23505
19;55,07127045;28,62592664;2,54E+07;2,25E+07;2,24E+07;3,40E+07;2,06E+07;2,68E+07;2,56E+07;3,36E+07;1,97E+07;2,39E+07;8223456,492;2,02E+07;2,72E+07;2,67E+07;5543195,232;5,84E+07;1,99E+07;7150861,963;2,21E+07;7,61E+07;1,12E+07;1,23E+07;3,03E+07;2,68E+07;3,53E+07;3,47E+07;3,32E+07;5,29E+07;6,18E+07;2,75E+07;1,20E+08;3,81E+07;2,12E+07;1,41E+07;3,46E+07;1,18E+08;2,14E+07;2,51E+07;2,13E+08;3,74E+08;5,84E+07;3,81E+08;3,59E+08;0;0;0;0,00E+00;0,00E+00
20;207,0758058;30,66498553;1,18E+07;1580809,292;1603983,254;2,47E+07;9893464,139;2,11E+07;7950879,77;1,85E+07;2903972,772;1,34E+07;824266,1267;3879238,323;1,07E+07;1778800,181;4766813,032;1,38E+07;1,16E+07;7678384,258;1,65E+07;4,52E+07;1,14E+07;7564277,82;3870157,144;1,17E+07;2506012,73;1,07E+07;2,76E+07;1,20E+07;1,28E+07;1,38E+07;4,63E+07;2646248,708;752051,6999;0,00E+00;0,00E+00;0,00E+00;0,00E+00;91593,45053;1463040,897;6,34E+07;94680,24057;5,06E+07;5,84E+07;0;0;0;0;0,00E+00
28;57,08371041;18,5957206;3701420,85;1,46E+07;1,31E+07;1,08E+07;5309490,189;6128303,408;2,19E+07;1,57E+07;5051578,082;2,60E+07;7099677,494;8336966,116;1,34E+07;9989172,829;1,08E+07;4152310,365;1,03E+07;7968799,897;2,30E+07;2,60E+07;8084426,103;8629644,357;1,63E+07;1,98E+07;2,50E+07;7000237,274;2,76E+07;2,19E+07;1,56E+07;2,51E+07;6,01E+07;1,46E+07;1,29E+07;1,61E+07;1,59E+07;1,59E+07;2,46E+07;5852718,553;2,54E+07;1,52E+07;2,89E+07;2,84E+07;3,98E+07;1499,704564;11527,73842;663,7405074;1653,000085;709,3865262
29;44,01850543;20,36135515;0;6018117,435;5197016,502;5695617,513;4136242,65;4084679,938;6443268,74;4278188,301;4242178,276;5621001,481;3953861,64;4101679,22;4473221,929;4586013,961;4985214,891;2614130,171;5004509,936;3849483,286;6922787,792;5495680,767;5206134,803;4744104,87;4604471,371;4476160,052;6479021,156;4169716,629;6654264,303;5301644,418;0,00E+00;4273813,012;8420348,037;4069944,608;3723552,182;4761386,153;3512662,806;3985277,051;5435660,088;0;6361148,863;4468641,939;6224329,602;5028078,461;5553281,804;277265,7317;569,5262921;99945,36702;134204,0496;29458,85259
30;44,01428119;20,98634859;0;824839,9677;1,86E+07;3562070,77;1,18E+07;0;1,63E+07;1,77E+07;4079719,647;1,77E+07;1,13E+07;1,16E+07;1,43E+07;0,00E+00;1,30E+07;0,00E+00;1,44E+07;0,00E+00;1,72E+07;2,48E+07;1,31E+07;0,00E+00;0,00E+00;9833492,322;2,03E+07;0;1,71E+07;0,00E+00;0,00E+00;0,00E+00;0,00E+00;0,00E+00;1,09E+07;0,00E+00;1,15E+07;0,00E+00;1,68E+07;0,00E+00;0,00E+00;0,00E+00;0,00E+00;0,00E+00;0,00E+00;94442,78948;0;6952,636521;47761,93083;11464,49613
31;44,06340323;21,25636045;0;4052692,193;3747988,999;0;0;0;0;4030108,387;4736438,024;4332940,531;0;4843124,551;2080118,897;4195226,623;0;5029784,612;0;0;0;0;0;0;0;0;0;8199607,522;0;0;0,00E+00;0;0;0;0;0;0;0;0;0;0;0;0;0;0;1974,223941;0;0;0;0
32;207,0757584;30,49501156;1250028,845;5909262,14;2495553,941;1,61E+07;165493,6274;768028,7368;2032660,194;1945296,916;4991021,898;174269,1855;4454,710419;6996,591044;96015,79695;309705,2309;149643,7886;430995,4496;112799,0419;98344,72068;149759,3294;449892,2991;135793,1295;36314,0443;45735,18596;46247,2164;145706,0249;395243,7622;122767,7192;113631,6545;619197,7305;97379,98409;506376,7709;254253,9455;5647,537698;9903755,149;2,09E+07;8780268,917;2,04E+07;2,10E+07;1359612,789;2,52E+07;3,33E+07;2,96E+07;2,67E+07;0;0;0;0;0
34;207,0735067;31,57604085;355129,7248;261742,0856;673126,5716;191694,3839;175782,8899;112771,6905;395579,5306;164468,6811;257576,4696;268169,729;1603659,543;2109663,392;1777357,907;3750222,832;2047806,211;1754961,751;2656320,97;1440380,733;4953559,394;8474996,336;5075022,612;230823,0778;1,22E+07;4197400,269;2900234,438;1005441,217;1521190,02;8829560,138;3839056,554;336885,295;5,01E+07;1,07E+07;5386516,95;191543,7495;236898,6977;321944,3828;134336,9411;783,8973524;309238,955;177280,449;239378,3351;229319,5429;519072,3097;0;0;0;0;0
35;44,01199631;27,75632321;9863,338665;8498,60791;85679,43867;5816,149532;3098,102177;5880,424825;266099,774;10804,7052;5354,92622;208746,9046;65385,69117;611350,741;3707418,746;114718,2023;2077349,876;4169030,133;776668,7905;1525162,68;7079,41515;2395998,865;4931,42478;2781964,322;223385,406;32093,79074;281076,8286;5351320,314;2811963,185;471741,5428;1612454,022;3770885,419;75088,72016;246575,9514;223810,2304;11383,41424;710345,8778;933170,277;33645,02754;71885,10453;2171913,836;543478,1841;4701,548581;1704729,249;146116,184;0;0;0;0;0
41;43,0683238;13,75102199;8855139,17;3717433,88;3217142,109;7158605,006;2286155,094;3153274,134;4016187,82;1,21E+07;5784223,558;6411422,588;228084,8295;1061822,668;5659037,641;3469254,465;951588,9721;5682325,871;435209,7196;3677696,741;2842898,62;6105187,994;1846426,57;2816923,408;2,11E+07;9677338,62;4428334,511;1,33E+07;6329992,733;5615120,671;3,58E+07;3,79E+07;2,20E+07;2,04E+07;1,14E+07;4360127,008;2,03E+07;1,24E+07;1,33E+07;4569260,204;8487006,442;1,53E+07;8687165,913;1,04E+07;1,91E+07;2168,275267;0;10609,25933;1439,431134;0
42;44,00762204;21,41244508;2204697,981;2928628,952;1904621,333;1567641,362;2652201,977;3375854,105;4600649,151;1139735,042;518706,5054;4870115,603;2797779,341;2951992,154;2636408,912;2547908,813;1446647,808;4765579,45;1744386,312;2333189,142;4746167,953;5337499,203;1993565,084;1756190,91;269661,4523;682204,2279;2070183,64;328592,971;2712893,893;362980,8217;1961234,599;2029108,1;5601602,534;225118,472;29298,46714;97189,56981;217868,0504;270454,9164;1061501,886;291950,783;2464301,794;1607158,985;1775986,655;2079205,621;7422007,989;12134,18468;18731,1828;21232,61045;45748,07318;38368,42887
43;44,0076634;22,56961591;2731443,408;1754049,02;1165992,349;566617,7294;2342117,707;6182030,373;2206033,298;495506,3801;861013,9947;1744955,016;1632478,861;2183152,22;2006524,862;2285059,746;952441,0343;4255203,272;1505998,838;2104571,8;1417803,524;5242403,35;3549652,445;1283799,189;185047,3507;426181,5254;121050,8247;535358,5572;270481,4499;876521,6984;1461837,122;399146,0041;637747,64;601535,302;303016,7653;933769,0747;1397096,495;1669024,396;828803,0227;2505074,854;2554124,14;1741724,008;1384960,921;2386588,272;4479243,576;17005,8414;7715,416528;38785,83315;10797,87276;11304,16015
45;79,06744217;21,00808735;501241,8163;2314768,438;2076890,959;8483664,546;651319,6522;657590,7606;1363117,953;1742214,173;2756115,065;1581973,652;500880,6744;556875,7782;705368,2152;1658447,066;569761,335;388985,5372;1596725,444;2747,841266;517,2549673;1,47E+07;471465,2352;1096434,141;588817,4949;711952,6045;1229834,458;620643,9936;0;0;899999,4302;0;0;0;0;1128739,71;606970,1312;814872,0982;1464111,96;704003,5692;0;770687,8903;1599253,828;0;1064722,606;2712,340251;125,3688102;229,4780836;1926,641134;162,6720686
46;44,00595331;21,28690889;4267692,306;4187374,602;4757734,199;4364014,511;3356553,106;7379874,995;3383555,5;3993813,859;4802806,004;5852379,064;2096985,548;4496380,369;3669049,112;5461876,348;2119281,015;4944642,311;4131676,526;1765602,42;4886744,853;8988123,059;5124801,377;2518927,962;1,02E+07;1,47E+07;9854656,201;1,15E+07;9686359,348;1,26E+07;1,32E+07;1,02E+07;1,31E+07;1,52E+07;9344353,111;1,10E+07;6456236,437;1,70E+07;1,03E+07;5963081,089;2,22E+07;1,95E+07;1,35E+07;2,13E+07;2,56E+07;47262,37975;18406,84474;19606,57546;23295,68637;18201,93565
47;44,00599946;23,74852005;1,04E+07;4462940,655;4381214,851;6703141,497;5095218,722;1,41E+07;4265041,856;6550900,533;5970965,204;6913902,4;1879984,553;4396404,343;4569656,074;5887856,428;1296145,858;7831429,606;4298644,88;2871051,841;5828990,188;1,51E+07;6361345,053;1427457,524;2,08E+07;2,19E+07;1,98E+07;2,25E+07;1,86E+07;2,45E+07;2,13E+07;1,65E+07;2,41E+07;2,44E+07;1,59E+07;1,35E+07;1,45E+07;2,36E+07;1,56E+07;1,47E+07;2,84E+07;2,04E+07;1,97E+07;1,90E+07;2,37E+07;27618,14359;53632,93402;14290,11922;19450,06049;11511,59367
48;55,07062359;28,62376769;2,85E+07;2,16E+07;2,56E+07;3,13E+07;1,83E+07;2,68E+07;2,46E+07;3,35E+07;1,97E+07;2,72E+07;7912085,097;2,30E+07;2,96E+07;2,65E+07;5237988,38;5,93E+07;1,86E+07;7046842,237;2,47E+07;7,59E+07;1,09E+07;1,21E+07;2,93E+07;2,55E+07;3,43E+07;3,35E+07;3,45E+07;5,58E+07;5,38E+07;2,64E+07;1,18E+08;3,66E+07;2,03E+07;1,50E+07;3,46E+07;3,83E+07;2,00E+07;2,51E+07;2,12E+08;3,74E+08;2,64E+08;5,09E+07;3,59E+08;0;0;0;0,00E+00;0,00E+00
49;44,00873894;28,9754876;2049245,91;1813716,997;1111937,878;3472606,36;2590966,493;1396940,506;2985890,748;4410443,573;7462534,692;2342354,818;232144,3828;1492763,784;542674,791;1728561,696;304281,274;1360054,117;1735105,45;801365,7952;1683472,113;4090105,159;862306,5401;384362,865;1,01E+07;6216853,942;7702677,149;1,55E+07;8638748,413;1,43E+07;2,54E+07;8801639,247;1,39E+07;1,42E+07;1,27E+07;7934286,051;1,11E+07;2,27E+07;1,13E+07;1,01E+07;1,98E+07;1,47E+07;2,23E+07;1,44E+07;1,14E+07;0;0;0;0;0
55;44,00973127;16,3667136;9205469,039;6946600,419;7695334,629;1,19E+07;4378967,553;6956951,401;5852069,274;6750161,893;1,07E+07;8155616,057;512440,7784;1096445,724;5518126,609;6333324,319;661115,5754;1,03E+07;914455,3716;3646941,115;1786194,326;1,20E+07;2807585,702;3985160,219;6122111,264;1775657,562;2470314,578;6489145,76;4767827,561;4686155,098;2,22E+07;6100337,209;4549117,684;4171749,487;5825118,517;3175504,455;1,93E+07;1,78E+07;5984267,454;5224002,297;4563762,892;1,73E+07;4107656,618;3958448,051;1,17E+07;65867,50498;2195023,07;80803,95222;55145,68905;427282,7345
57;44,00841377;15,53212771;139435,6089;7859,762885;8886,717102;8460,912764;210725,4002;3945687,454;13631,57169;13369,45848;11590,06964;15654,08579;99246,13995;114917,4478;151,0166527;742,529236;182832,6436;660,038306;0;10563,5735;489,5023612;3053740,636;2636,034792;17440,77041;4745606,254;1653877,517;2624335,907;2719081,247;3165068,159;2285843,842;5705662,429;3036727,179;2963577,454;5130710,985;5853974,396;10898,03915;11703,26886;2601,644129;7951,8187;36105,95107;156634,6411;74,97922812;8071,856647;1410,343521;637832,4367;77960,89766;138022,4082;27899,5894;66837,08596;27012,95206
58;44,0062538;18,33121372;2769371,648;6900941,951;7449559,105;1338327,008;6205307,387;3559335,216;6901085,235;8949845,862;953913,0204;1,07E+07;7678451,136;4833435,645;9611231,579;3004757,297;6721712,564;3100825,528;3462096,466;4463234,339;4930475,308;2211407,382;3246174,425;3308551,331;2694643,078;3967508,665;4194657,641;2888721,199;5328719,932;3580011,678;3701463,902;4268513,294;5981145,095;2540352,513;3794581,535;4343074,421;3278104,959;3874258,712;5476576,061;3753613,09;4857183,596;4500577,2;6948770,197;4864270,937;6265772,443;26890,31485;187174,8825;24460,10746;8230,697756;9689,226774
59;43,06781806;18,47208905;2322386,84;187863,9354;154112,6126;128644,7443;183765,2114;1,81E+07;391910,1654;260346,4933;899642,4367;188374,1307;128340,879;89672,54527;346779,1579;2494970,466;107220,4087;684113,1943;281000,8142;196781,6987;203258,2221;1,95E+07;9548804,038;93136,3761;503606,3942;263742,3239;213609,4894;948594,9211;493317,4038;3343251,597;470289,3167;713219,653;1012727,508;394857,286;1,25E+07;190422,5188;969715,9893;530356,5308;428559,4411;741017,7632;332326,9332;715000,1145;716140,8323;443845,4971;1003940,678;4667,638203;116412,1855;3651,818106;5458,584376;1750,12601
60;44,00584741;18,59725111;9646827,09;2,12E+07;1,89E+07;1,85E+07;1,44E+07;8397573,882;2,42E+07;2,19E+07;1,19E+07;2,65E+07;1,48E+07;1,68E+07;1,97E+07;1,47E+07;1,78E+07;1,06E+07;1,74E+07;1,62E+07;2,50E+07;1,93E+07;9345037,782;9176991,53;1,89E+07;2,23E+07;2,46E+07;1,16E+07;2,45E+07;1,85E+07;2,24E+07;2,21E+07;3,18E+07;1,87E+07;1,53E+07;2,22E+07;1,84E+07;1,99E+07;2,33E+07;9291168,198;2,69E+07;2,01E+07;2,80E+07;2,71E+07;2,87E+07;28878,79207;358660,8563;16830,47145;49708,53488;24421,5258
61;44,0063103;20,36125385;4093427,146;6485920,989;6142453,44;7559631,682;4195917,862;3982031,678;4926765,965;4371606,962;4820992,01;6869001,161;3987307,792;4154475,423;5560977,027;4673966,419;5061586,512;2616083,773;2502375,797;3859038,044;5218687,174;3288272,267;5248849,467;4812938,709;4037401,636;4589079,893;5235673,748;4272045,536;5652761,133;4607254,812;4382406,896;5359271,087;6702890,79;4086933,234;3804014,892;4763950,371;3513000,502;3985716,624;6375929,945;5242753,364;4174452,726;4383225,416;5211620,732;3466288,918;5690547,048;296455,7972;20874,84071;99945,36702;134204,0496;29458,85259
62;44,0061466;20,98856064;9333753,159;1,88E+07;1,81E+07;2,24E+07;1,17E+07;7985733,523;1,63E+07;1,71E+07;1,67E+07;1,77E+07;1,12E+07;1,15E+07;1,43E+07;1,57E+07;1,27E+07;8934249,627;8881822,848;1,05E+07;1,72E+07;2,48E+07;8898804,458;1,02E+07;9451017,019;1,61E+07;2,03E+07;1,25E+07;1,70E+07;1,41E+07;8665027,845;1,56E+07;2,02E+07;8358163,484;8024721,701;9935098,019;8305777,167;1,25E+07;1,68E+07;8869112,584;1,66E+07;9262175,62;1,73E+07;9645155,613;1,71E+07;94442,78948;11159,7559;6952,636521;47761,93083;11464,49613
63;44,00595149;21,13968547;0;1889925,203;2395666,483;2972195,855;2250073,063;5781582,378;2470548,384;1547457,862;2116333,426;2591456,329;1257002,045;1049951,777;990789,1164;3544028,226;1355636,796;4135389,348;2734467,642;7925410,136;1964125,853;5910626,572;6610516,583;1401620,234;1337931,812;1630146,635;2206364,321;1027969,682;2257626,769;1,87E+07;1784004,763;1565475,621;2533359,074;1514093,28;1,47E+07;1490755,613;1,31E+07;689313,569;4440756,182;2389611,977;831541,0696;1645775,669;3761327,013;744422,5778;7305621,991;15588,21549;24913,14275;12477,64713;5504,898885;6436,46055
64;44,00616618;21,25262537;5098474,856;560504,2143;700539,8808;506078,1496;441995,982;6128089,829;3278690,212;4957095,28;331515,7191;1137560,277;3017443,203;5749187,663;5224398,268;5574677,357;4005062,868;5982253,987;4164706,534;737192,8276;2841874,356;9155087,541;5229658,79;877588,3005;1,38E+07;1,89E+07;1,30E+07;1,42E+07;1,27E+07;1436531,007;3539187,095;1,35E+07;1,64E+07;3621277,625;2176372,178;1,21E+07;3211166,375;1,89E+07;1,23E+07;1018492,394;3199022,609;2,20E+07;1,48E+07;4437462,231;4434204,661;105201,2457;27908,84296;129004,4166;132826,8942;65423,31757
65;44,0061874;22,55063753;499533,8089;222466,9598;312575,4494;740010,4352;186548,0257;3913400,573;215825,7211;716009,3045;1013255,049;351120,4943;1632478,861;2242254,821;2006524,862;2640009,612;952441,0343;5541771,397;1696799,544;2167578,509;1417803,524;3169090,709;4930749,769;1370302,562;1417503,085;2013708,045;1583757,036;1855243,512;1305338,794;2642697,193;2740859,528;1231378,66;2196312,773;6684115,262;1684132,93;1391121,595;1972483,443;2763097,563;1467819,057;2671540,533;5539023,309;4081009,077;1988416,044;4544877,531;6707427,402;17005,8414;30295,17309;65374,90133;27516,57638;40996,30111
66;44,0063088;23,71400618;1,39E+07;6605505,208;5889087,983;7463655,844;6393952,365;4022303,539;8073858,988;7141944,11;7055703,633;1,03E+07;2257075,58;5094314,042;5997732,336;7431684,254;1643329,784;1,03E+07;5658625,165;3272643,211;1,02E+07;6325003,438;4615159,94;268844,2528;0;173357,8398;1307201,925;0,00E+00;2023370,163;0;2,29E+07;1,86E+07;4022890,739;0;0;304483,2395;628861,1401;185618,6338;2075263,448;796525,3405;1514680,469;1729411,776;1813258,157;714943,3434;5283507,527;14517,03699;16858,587;5017,797876;13126,34926;13993,32386
67;44,00600352;23,74692151;1,06E+07;4567863,102;4430656,224;6697546,445;5174706,644;8524854,933;5502377,737;6573734,077;6039646,321;7009442,064;1900910,167;4426418,655;4609666,516;5950492,788;1314204,619;7955976,578;4358666,985;2904515,938;6683690,451;8538387,671;4964665,388;1435394,562;2,09E+07;2,19E+07;1,99E+07;2,26E+07;1,86E+07;2,46E+07;2,14E+07;1,66E+07;2,42E+07;2,45E+07;1,60E+07;1,35E+07;1,45E+07;2,36E+07;1,56E+07;1,48E+07;2,85E+07;2,04E+07;1,97E+07;1,90E+07;2,38E+07;27618,14359;53632,93402;14290,11922;19450,06049;13993,32386
68;44,00622411;24,97786313;2211372,231;2277912,092;2044400,701;177590,648;2244753,79;4681029,646;2581928,719;279583,3122;885298,5687;1695336,507;1813261,617;2242764,325;1983256,948;1287269,903;977911,9363;3142807,381;1616695,435;684173,8343;1271463,174;2110249,977;3530807,033;521837,998;349557,9217;160095,3779;93403,8456;384707,9035;50616,69499;554571,1317;73545,24893;261862,6112;466655,8771;195828,0061;420608,726;233197,2887;447494,5228;613380,0358;29071,22499;921516,4791;1388696,344;4227746,056;401592,1182;595399,8304;1245537,905;7020,834695;6128,738583;6643,395802;26434,28825;57017,42018
69;44,00599277;26,04616211;1,15E+07;2597761,129;1957179,001;3593112,751;2931821,736;4415067,798;2460505,409;7427337,836;4626657,89;6664870,475;2476940,543;2692002,025;3198754,221;4655972,259;928310,2221;9062445,631;3340700,851;1713739,029;2895128,253;4993642,205;5800435,447;1667131,278;2,60E+07;1,40E+07;1,93E+07;2,74E+07;1,80E+07;3,12E+07;2,20E+07;1,50E+07;3,17E+07;2,15E+07;1,83E+07;6537552,567;1,26E+07;1,79E+07;1,16E+07;1,28E+07;2,06E+07;2,80E+07;1,76E+07;2,12E+07;2,62E+07;11913,77766;17334,71145;13464,53061;11395,92362;15748,23505
70;44,00891818;26,04968371;1,07E+07;2356798,457;1827733,378;3056574,741;2716031,219;7308641,057;2277375,94;5776108,745;4578968,076;6215051,587;1889148,886;1933594,929;2266897,534;3865282,157;666117,0372;8155504,538;2339912,144;1512906,769;2161756,238;1,10E+07;5070292,839;1399895,747;2,02E+07;9847743,811;1,41E+07;2,09E+07;1,40E+07;2,47E+07;2,15E+07;1,13E+07;2,48E+07;1,60E+07;1,36E+07;8243650,7;1,15E+07;1,64E+07;1,07E+07;0,00E+00;1,63E+07;2,37E+07;1,60E+07;1,75E+07;2,24E+07;10966,62969;3907,138776;13464,53061;6216,663921;15748,23505
71;55,07048786;28,62782046;2,86E+07;2,17E+07;2,56E+07;3,40E+07;2,06E+07;2,33E+07;2,46E+07;3,36E+07;1,97E+07;2,72E+07;8280249,585;2,37E+07;3,04E+07;2,67E+07;5605400,531;5,95E+07;1,95E+07;7158833,379;2,54E+07;7,69E+07;1,13E+07;1,23E+07;2,82E+07;2,37E+07;3,22E+07;3,49E+07;3,57E+07;5,79E+07;6,18E+07;2,77E+07;1,20E+08;3,84E+07;2,14E+07;1,50E+07;3,46E+07;1,18E+08;2,14E+07;2,51E+07;2,13E+08;3,74E+08;2,64E+08;3,81E+08;3,59E+08;0;0;0;0,00E+00;0,00E+00
72;207,0763236;30,67875597;1,51E+07;1580809,292;6110822,366;2,47E+07;1,21E+07;1,39E+07;1,34E+07;1,85E+07;1,17E+07;1,34E+07;824266,1267;4074629,396;1,50E+07;1778359,747;4719554,672;2,33E+07;1,44E+07;7678384,258;1,63E+07;4,48E+07;1,13E+07;7562745,497;3856381,546;1,42E+07;2468232,895;1,05E+07;2,72E+07;1,17E+07;1,03E+07;1,35E+07;4,52E+07;2500584,51;730508,6622;3,77E+07;5,68E+07;3,55E+07;4,15E+07;0,00E+00;2,75E+07;6,34E+07;5,66E+07;5,06E+07;5,83E+07;0;0;0;0;0,00E+00
77;44,00574474;17,6868672;795294,2397;1004413,213;1369726,281;372052,0707;1090061,388;1098977,425;2127106,029;1192008,542;234143,5165;2029573,878;1815092,723;972946,8122;1676548,915;680398,1506;1451121,007;649868,7987;1143431,177;1123003,138;1602551,183;464690,2263;1027832,027;992090,4604;949314,8846;635413,4227;1243001,595;635542,4601;1697930,432;1153301,249;1411535,475;1228799,362;2079560,351;777769,613;1146602,626;1150392,541;773793,2592;986855,88;1402483,638;1139655,566;1539597,091;1224684,624;2283794,164;1523781,688;1873079,825;13406,35446;2225899,35;14256,30772;16881,57159;1353812,254
78;44,00928167;18,67884619;98479,22105;0;0;0;4423511,651;123,1718666;5050365,781;7122260,228;0;6054653,619;3175026,524;4148160,252;5007807,184;1538582,846;4156463,309;0;4214915,149;9087744,733;5492525,521;1961776,756;1878276,982;3987553,769;3991248,43;5906391,09;3147318,877;3546682,857;4504360,802;1305441,835;0,00E+00;4404891,445;4450180,733;3825581,066;962052,4636;7249566,366;3962426,939;5633954,152;0,00E+00;0,00E+00;7436261,23;4696713,856;4501290,872;8187927,666;7939078,243;3955,161984;161586,6063;23960,92777;21746,63684;703022,1945
79;55,06971462;20,98641792;3016340,719;8756968,871;9835886,785;9327098,714;4398669,017;4428524,925;1,21E+07;6492048,909;4656374,146;1,44E+07;3493372,692;3789005,405;6870816,296;5644819,022;4404068,064;2201322,774;4697460,851;4115373,706;1,33E+07;9087034,161;4710027,408;4669995,163;8991545,892;8363074,258;1,34E+07;6199607,993;1,52E+07;1,01E+07;6587423,605;1,13E+07;2,95E+07;6760760,061;5351129,133;8232141,877;5702275,009;7096260,381;1,47E+07;4271044,289;1,04E+07;7788152,272;1,59E+07;9361462,538;1,22E+07;7759,176147;276,9974318;308,2027553;2970,547594;278,0069661
81;44,09904634;25,29621804;2607,861895;6468,819096;5454,062579;1431,294719;13734,10263;0;6497,511936;5410519,122;13332,80798;21298,26542;8837,077392;11346,44552;42304,46097;27065,31197;2502,904454;13698,81631;7329,86475;5702,969832;6197,208326;0;23184,7484;60002,02921;0;0;7973,31861;0;10951,18665;0,00E+00;0,00E+00;0,00E+00;0,00E+00;0,00E+00;0,00E+00;14289,23383;13012,83682;0;12437,54877;0,00E+00;39424,06895;0,00E+00;0,00E+00;0,00E+00;0,00E+00;336,5571228;0;219,3794153;136,1718772;0
82;55,07060411;28,62782046;2,86E+07;2,17E+07;2,56E+07;3,40E+07;2,06E+07;2,68E+07;2,46E+07;3,02E+07;1,97E+07;2,72E+07;8115880,806;2,34E+07;3,01E+07;2,67E+07;5433078,617;5,94E+07;1,91E+07;7121117,913;2,51E+07;7,65E+07;1,11E+07;1,22E+07;3,00E+07;2,64E+07;3,50E+07;3,42E+07;3,52E+07;5,69E+07;6,18E+07;2,71E+07;1,10E+08;3,75E+07;2,09E+07;1,50E+07;3,46E+07;1,18E+08;2,14E+07;2,51E+07;2,13E+08;3,74E+08;2,64E+08;3,81E+08;3,59E+08;0;0;0;0,00E+00;0,00E+00
83;44,00751695;28,9754876;2040823,734;1813716,997;1048674,021;3385214,767;2587242,986;1383136,918;2979655,378;3831821,258;7398984,061;2275233,63;196713,9162;1271940,687;416802,9329;1640433,924;227213,5314;1201048,71;1279713,482;744604,8002;1491755,649;3472076,086;679282,7965;337005,2953;1,02E+07;4495731,08;6143399,88;1,20E+07;7025280,676;1,53E+07;2,48E+07;9143218,884;1,48E+07;1,19E+07;9627537,893;9336237,609;1,04E+07;2,10E+07;1,07E+07;1,23E+07;1,86E+07;1,33E+07;2,23E+07;1,41E+07;8919686,843;0;0;0;0;0
85;207,0755601;30,67871721;1,51E+07;1580809,292;6110822,366;2,47E+07;1,21E+07;2,11E+07;1,34E+07;1,23E+07;1,17E+07;1,08E+07;824266,1267;4117276,765;1,52E+07;1778800,181;4761466,129;2,34E+07;1,46E+07;7678384,258;1,24E+07;4,51E+07;9330566,933;6481169,779;3858490,912;1,45E+07;2504567,236;1,07E+07;1,50E+07;1,20E+07;1,28E+07;1,37E+07;4,59E+07;2581702,47;744214,6837;3,77E+07;5,68E+07;3,55E+07;4,17E+07;0,00E+00;2,78E+07;6,34E+07;5,66E+07;5,06E+07;5,84E+07;0;0;0;0;0
89;44,00549316;14,26657591;170929,7219;198243,7452;604656,6338;229090,888;230875,1992;6765,67007;511179,697;134422,8066;204559,2315;64310,46687;617943,442;602527,3643;111038,0344;185636,954;181492,477;145866,3174;605372,2515;198797,8125;154458,7196;206602,588;325351,444;110179,7885;1,45E+07;7888523,648;1,67E+07;2,04E+07;2,04E+07;1,95E+07;69593,47313;1,58E+07;1,56E+07;1,83E+07;1,97E+07;3157526,013;6547763,045;1,20E+07;2,32E+07;76846,72358;1,46E+07;9592738,007;9969684,728;1,73E+07;1,49E+07;71844,52094;289799,2698;74812,5811;69702,54486;133971,9372
90;44,00705003;14,86089161;13901,27199;73187,66285;4052,297033;26685,48176;7017,728287;14592,99449;9726,281934;19841,0504;62876,47201;10331,63368;7848,70299;5943,358126;6163,941893;8475,700533;6107,813775;27161,40441;10188,04459;12630,12517;4785,002834;25974,47718;20238,2219;8227,210051;5,36E+07;4,26E+07;2,24E+07;2,49E+07;1,90E+07;2,01E+07;3,43E+07;1,97E+07;2,92E+07;2,96E+07;3,54E+07;4492376,04;1,46E+07;1,37E+07;5470252,795;1,21E+07;8598331,321;1,27E+07;9084553,257;1,43E+07;2,16E+07;10084,6562;224626,0035;20948,84513;5354,783224;188760,1118
91;57,08401733;21,28343973;1054616,291;908228,6682;1131142,097;1646706,295;580383,4749;3329173,85;680919,2052;979830,7388;1255721,599;1768350,656;238211,205;1063856,878;742931,9969;1646544,928;247889,3212;1239739,399;1031407,544;210086,1864;1512719,467;8439037,171;1127882,009;293856,7755;1,08E+07;2,69E+07;8975044,472;1,56E+07;9523434,585;2,40E+07;1,42E+07;1,09E+07;2,86E+07;3,63E+07;9153802,037;1,01E+07;5576261,409;3,71E+07;9329157,207;3394475,543;5,12E+07;4,47E+07;2,06E+07;5,05E+07;3,28E+07;2783,293829;443,8772064;1435,242408;697,70351;327,5184155
92;68,07436813;21,91452179;15553,89215;6382,315563;10014,40531;10926,25913;11111,98496;11515,20439;8204,365914;5501,270739;9986,809879;7325,502508;3597,015563;1241,153623;7662,286339;2391,107259;6404,33231;5686,262996;1762,733374;5974,021691;1497,914768;1505,017858;1253,540679;3391,018281;2700,953382;2567,790525;5522,668211;3383,999364;4968,574286;6281,205662;5043,350941;2841,453212;5408,338597;3650,345212;4153,48777;2,74E+07;1,72E+07;3683486,603;7058027,348;4,08E+07;1,68E+07;8,33E+07;7,34E+07;7,04E+07;2,21E+08;2961,748923;204,1378787;1330,165713;1311,048123;637,0621267
93;44,00595845;22,18331411;168622,1672;119611,0679;115923,3453;95180,88583;57297,59395;478102,0129;45953,98324;279415,018;43478,78814;39956,14645;142922,8292;146494,0357;268540,6501;220500,9535;107817,5288;57284,7809;65190,14026;95467,39826;104745,1663;84062,18652;504420,9027;108003,9456;32555,09432;32264,02626;43724,83131;80628,27742;46983,40144;161222,5048;40341,24583;14991,40215;5761,178197;113393,4732;63447,07721;5040534,418;689290,0658;145608,4948;3095853,066;1338229,33;4956663,662;1,84E+07;5118323,694;7491753,894;1,92E+07;124039,1006;35130,31804;70813,05127;40351,75634;61121,65129
94;57,08480962;23,74862208;3572007,888;588500,8262;649261,1569;1631989,446;900188,1036;7723726,566;819425,047;2307703,959;1366697,68;1561327,49;178550,257;1021018,136;827169,386;1264451,084;101492,8106;2187421,67;927253,1609;429255,5027;1994603,025;7768053,327;1312206,155;125754,4055;3,76E+07;4,76E+07;3,54E+07;5,60E+07;2,68E+07;6,32E+07;3,98E+07;1,99E+07;7,38E+07;7,49E+07;1,77E+07;1,30E+07;1,67E+07;6,65E+07;1,97E+07;1,36E+07;8,99E+07;1,22E+08;3,78E+07;1,18E+08;5,36E+07;1214,94029;751,9987794;327,0830229;620,3514025;155,791604
95;44,00894401;24,33470702;112055,1921;47394,75907;64260,38959;59141,65498;111396,8175;152465,4811;44793,07391;57066,48137;13074,57455;26407,78737;7502,842859;21445,75211;31963,59283;24165,23997;68797,704;90234,62427;28494,73846;12003,90636;37568,05316;111647,2982;58730,26579;48863,51073;737464,992;273981,6316;622583,1738;988266,013;527233,3631;2872858,838;958049,7011;528413,9457;700323,6642;4431389,383;2618823,397;6547202,358;8415853,129;8649222,952;9025960,274;7608960,022;2,45E+07;1,17E+07;5643009,26;3,26E+07;3,31E+07;13680,56797;44693,67009;11186,94883;12469,75137;50817,45918
96;44,0064657;26,55759196;11688,98887;5068,888803;6834,37961;45755,97034;2756,752634;4378,312415;9213,564933;11021,98747;9964,220965;3812,843633;5238,278449;12373,35034;8054,702398;20916,84163;9338,476573;27018,58408;5672,555512;5317,181688;8060,15482;126584,5101;3950,698287;2788,486748;11842,80548;70302,7592;1548,641469;9578,340218;11877,59892;2413,988024;2608,168967;5801,957362;1457,434642;27832,14378;1906,821559;5522759,122;3672783,677;1060404,186;6665535,706;4010872,838;5000723,975;4151014,913;4024290,952;5736659,541;6131291,997;10881,39149;8281,629439;7295,072539;9962,61837;5610,536134
97;44,00932364;26,86738107;431999,7917;400018,9373;835739,1497;1393298,015;313545,3871;192275,7596;522354,5333;1528751,741;1220281,699;1209350,77;99220,89744;198514,688;250679,7734;118139,363;148406,4798;190333,2315;362048,5768;132707,5006;414363,2541;1893843,105;158217,8519;135844,7402;1781105,616;565714,3847;1457852,456;502605,5257;409436,0419;3055903,251;3625080,541;2035856,994;1598525,587;2622068,106;2641666,305;4826623,742;4255835,055;1,04E+07;6459983,15;4368983,386;8644613,419;6831267,332;5535266,878;5748596,172;5001279,118;0;0;39,20859889;8495,840117;4625,934979
98;68,07405517;30,69357894;423821,5247;25283,05335;134278,089;945148,4397;285246,3991;749959,7231;322216,2405;549233,2785;270144,7525;317287,0885;21,0459176;0;28370,96079;18663,11334;65243,13857;672404,6858;0;130176,834;359033,7273;2643322,446;0;103072,262;0;368,5717865;40,84739857;0;0;0;480062,4918;0;2897109,71;0,00E+00;745,6957531;3,72E+07;5,75E+07;2,64E+07;3,41E+07;2,63E+07;3,95E+07;1,18E+08;1,26E+08;2,01E+08;1,16E+08;0;0;0;0;0
99;55,07051046;28,62354043;2,85E+07;2,16E+07;2,56E+07;3,40E+07;2,06E+07;2,68E+07;2,46E+07;3,35E+07;1,87E+07;2,72E+07;7912085,097;2,30E+07;2,96E+07;2,65E+07;5237988,38;5,93E+07;1,86E+07;7046842,237;2,47E+07;7,59E+07;1,09E+07;1,21E+07;2,93E+07;2,55E+07;3,43E+07;3,35E+07;3,45E+07;5,58E+07;6,18E+07;2,64E+07;1,18E+08;3,66E+07;2,03E+07;1,50E+07;3,04E+07;1,18E+08;2,14E+07;2,50E+07;2,12E+08;5,27E+07;2,64E+08;3,81E+08;7,78E+07;0;0;0;0,00E+00;0,00E+00
100;44,09730774;28,97890595;0;1962,544842;1980,430935;0;25460,19569;0;0;0;7186923,91;7423,911362;3982,945561;28430,03448;8177,35013;3313,467099;4042,381853;0;809,3370175;15376,75616;34440,65798;0;12739,43311;6258,175683;0;0;0;0;0;0;0;0;0;0,00E+00;0;0;0;0,00E+00;0;0;0,00E+00;0,00E+00;0;0,00E+00;0,00E+00;0;0;0;0;0
109;44,00624649;17,95800631;2496603,143;5520274,416;5330496,106;4629192,711;3458093,907;2778386,869;7176686,747;4665214,555;2758589,421;7687850,435;4108792,644;4318082,063;5199397,068;4102544,583;5643691,954;2305784,871;4632801,9;3555562,218;5592512,647;4974834,84;4163975,842;3880609,326;3760511,112;5324073,515;5332453,392;2595489,98;5344506,595;4307426,578;4505050,339;5840897,901;6983052,046;3476285,606;3017266,013;5203318,742;3654848,622;4274190,149;6033557,86;4795720,756;5150780,117;3340135,569;5014982,556;4323075,045;5387674,338;55788,26935;129574,6426;33725,04087;68015,32783;22415,55038
111;44,00623394;23,41486793;1294089,116;809032,8803;753073,0722;1606448,804;491849,1523;2603742,041;1942516,349;1452524,787;1221661,467;1919240,998;637029,3072;968376,7642;2585083,363;1049288,059;1528060,585;1108039,458;1497394,277;565020,3901;3002775,846;3659130,904;2415482,156;994732,789;1866819,369;1612413,722;1665001,289;1339060,03;2206123,335;1688904,683;1366615,486;2789358,813;2528297,84;1013506,351;2116640,828;1042264,591;1190678,348;2044682,336;1675251,283;703498,0645;4177611,086;2209248,78;1017975,237;2136608,583;2634528,195;6632,334732;18119,14984;21105,20596;42127,8563;17945,18098
112;69,08228052;25,29369326;117443,488;13985,04794;12700,97855;70697,27562;42724,26087;231749,8155;12311,79843;3883273,748;31060,54639;98732,88688;18228,14953;28585,23831;235183,122;119455,6173;3989,982088;37929,9612;16507,0713;9507,155738;12129,67006;3,81E+07;44491,6299;542670,3114;17808,16798;82119,69704;20491,87481;31321,48228;25750,11299;9238546,675;80597,99622;27348,21174;74181,83744;61571,19958;71244,69121;53056,03717;34479,66656;60187,13026;93273,29285;97557,24982;164615,7421;60968,91682;134791,5199;49258,16576;219656,9913;447,1171686;49,44740575;173,0187825;173,4695831;274,1490097
113;44,00772704;28,79978912;924569,8236;731143,1313;2000977,956;2103942,171;850535,163;1510376,501;2117021,55;1855892,48;991676,0295;1717881,713;591310,1336;1488289,291;1427798,564;2046857,631;538504,1325;2994190,974;833619,2975;449424,8276;879226,904;3729318,511;845359,0759;666153,1671;6742167,152;1562637,767;3876094,415;6854335,486;3379000,023;7874246,956;9844691,311;5335236,004;7118582,703;3828217,707;4738394,686;7813489,965;1,05E+07;0;9418876,122;0;0;0;3794839,386;0;0;0;0;0;0;0
114;207,0766112;29,33175268;65157,63741;130910,1822;200751,8357;52517,30251;101687,7607;227860,6962;287484,8335;56952,26909;74050,82465;131123,834;96230,13088;241528,5511;1243815,666;134766,7491;274266,4386;625506,7525;286572,2514;314367,9945;151857,7375;362146,6448;560171,2762;273771,3225;109111,5671;118039,0184;75931,66355;1035766,918;531110,4556;239894,9246;650751,0771;177426,2031;410752,819;159944,3013;97742,05905;1356430,086;5482076,032;3139653,035;2563068,944;2540343,306;5138331,191;1888652,702;2769483,051;6391302,658;9567775,229;0;0;0;0;0
115;43,06951564;30,67844679;5005135,639;182986,3977;1031103,992;1,17E+07;3269031,18;8503802,285;2969497,614;6254873,499;2524200,408;3860410,276;88738,06644;591026,0399;3880089,996;181176,0347;679248,9137;8823876,208;4575270,848;1414043,731;5797881,078;4,00E+07;2746759,344;1282667,598;588648,3257;4719148,887;293359,3017;2912928,482;1,10E+07;3639775,327;3930546,304;4452945,996;4,72E+07;338839,599;64630,93911;3,41E+07;6,14E+07;2,51E+07;3,28E+07;2,27E+07;3,34E+07;1,17E+08;1,05E+08;1,52E+08;1,05E+08;0;0;0;0;0
116;207,0744581;31,57910884;355129,7248;261742,0856;673126,5716;191694,3839;175782,8899;112771,6905;395579,5306;163297,8249;171727,2014;268169,729;1589780,422;2298300,791;1776546,74;3746855,663;2043178,944;1754209,526;2810822,296;1440380,733;9301420,46;7019318,541;5098567,803;297280,0186;5408509,749;4681510,993;2878486,055;1005441,217;1607669,237;1,81E+07;3867917,322;336885,295;4,89E+07;1,23E+07;5136758,79;185987,6083;236898,6977;321944,3828;134336,9411;209823,6443;309238,955;177280,449;239378,3351;229319,5429;519072,3097;0;0;0;0;0
118;69,08051575;13,23449911;33349,46449;27075,79475;12960,63202;25024,68261;17223,53011;43160,86109;23131,88173;30573,00844;13018,08499;16899,18385;27876,16572;25847,25737;39370,41035;8674,679416;9610,232853;26025,34157;11351,1301;21569,36614;10481,82225;50912,84368;2522,522267;10230,11952;1,03E+07;3084635,389;8747020,485;4,07E+07;2,66E+07;2,18E+07;1,36E+07;1,24E+07;1,00E+07;2,18E+07;3,01E+07;125459,9997;78511,01405;522091,3554;24600,66705;61254,87026;535667,4869;108920,6418;255545,3074;1284847,453;228168,6067;10955,83594;5711,871746;2785,483726;4976,233616;29700,3301
119;41,05446441;13,97618489;72477,4362;26386,92169;32616,98843;58501,48332;25778,84883;31935,53248;38138,77428;60205,56396;34436,5838;45111,91626;1033,566867;3110,177144;32013,1179;21066,48579;9785,548648;28246,64641;3715,198909;17917,54466;4597,329632;41613,59802;8505,526669;13412,43116;6,00E+07;1,51E+07;5,91E+07;1,62E+08;1,49E+08;1,67E+08;1,49E+08;8,56E+07;7,11E+07;1,35E+08;1,36E+08;251345,0657;1951577,601;3076711,305;4052941,104;1176843,256;1800916,387;2981130,032;3240641,744;5623588,987;2123485,213;2739,175971;0;1144,995405;1896,839788;0
120;69,08110951;14,27429651;10502,32862;8619,366242;31319,05153;12122,0363;8217,21111;30642,28966;27163,92417;7758,590848;10872,79173;3463,864053;35971,35709;36289,91083;7507,927038;9006,67717;10404,67948;8196,486259;32530,41865;11720,38172;9780,181176;17714,33232;9601,297581;5401,107272;3,39E+07;6138514,174;4,09E+07;1,31E+08;1,12E+08;1,14E+08;1,15E+08;6,19E+07;5,33E+07;9,20E+07;9,97E+07;324154,9072;1466170,435;3109792,078;1,17E+07;1802542,687;3225961,358;2024087,354;1894357,077;6675355,003;3901516,078;3809,541625;7298,54552;2019,580252;2463,686637;4796,78333
121;93,08675639;14,603119;460,3393299;298,2517884;712,0889828;302,5425811;483,0750812;775,9264318;387,0329069;558,8456867;411,4685013;901,832613;502,5542377;680,1969746;729,8738124;326,444742;286,7612161;679,9674038;6040,266377;211,5815183;984,2192153;338,3778002;66,52627679;696,6691186;6373611,184;766066,4802;7503583,738;3,10E+07;2,63E+07;2,90E+07;2,42E+07;1,35E+07;1,09E+07;2,19E+07;2,26E+07;399,5462662;2562,052763;22945,63121;320,9376978;307,3064558;228,0482792;50,16616525;442,8315073;452,5865096;41,67823528;962,0785487;474,8277197;118,1928648;218,1913871;4134,371643
122;41,05437587;14,68833789;100131,3676;44810,14995;69231,84358;38532,61407;27076,77193;124219,8926;68812,29237;41945,44098;39725,87133;66253,06838;71445,62293;52134,12115;81635,7266;39785,09834;65735,04629;69993,7102;28016,3402;57026,51709;45177,05961;133967,2976;33200,76562;27986,65409;2,59E+08;9,21E+07;2,90E+08;4,77E+08;4,39E+08;4,34E+08;4,87E+08;3,27E+08;3,02E+08;3,89E+08;4,11E+08;100088,9732;487204,4508;210104,434;176626,6795;86022,72766;467221,2422;170378,9795;184465,9409;563839,5559;403590,7752;6264,769166;0;5136,490796;3248,939535;0
123;69,08098612;14,8638166;727,9780086;3085,120687;178,6775715;1282,160976;283,64981;693,5891834;427,5993493;7855,929604;3112,798223;492,480214;432,8970537;339,0535321;377,9548964;367,8136359;311,0899439;1289,365705;511,3146782;664,1311274;282,5872748;2183,686672;489,8258765;362,9556055;1,20E+09;8,24E+08;2,05E+08;5,33E+08;1,96E+08;2,86E+08;5,70E+08;2,16E+08;6,91E+08;7,19E+08;1,01E+09;2341140,151;2,34E+07;1,99E+07;4423405,709;9539927,892;6267940,111;1,67E+07;8772929,726;2,15E+07;5,92E+07;506,6987215;5595,602283;369,0015532;173,4438593;5196,539156
124;57,08505692;26,04629815;3763605,564;502055,087;339144,5981;830691,1127;608889,7243;2013341,093;457266,4426;3977287,657;1325965,416;1602462,595;420394,4004;502422,2628;650631,2119;1175854,768;81483,49782;1505603,344;771916,8091;215406,2957;566643,8537;4393729,145;1688121,659;193370,6515;5,53E+07;1,53E+07;3,63E+07;7,39E+07;2,28E+07;8,51E+07;3,60E+07;1,67E+07;1,06E+08;3,62E+07;2,26E+07;5473120,249;1,06E+07;2,98E+07;1,11E+07;1,07E+07;4,52E+07;7,25E+07;3,28E+07;5,14E+07;5,64E+07;610,8247527;221,4475601;321,5328971;457,3540976;190,7100022
125;44,00611262;28,2109532;2542554,634;937246,6891;477824,0511;1607463,211;561821,7021;2047491,153;1984183,251;1007155,175;1751871,278;1002902,096;457928,8666;263018,7625;1046710,178;1496880,667;34975,9176;2270121,164;490785,9681;295138,9058;358177,5553;2544230,671;3113590,914;324937,496;4927055,664;2131598,327;3130807,742;4393904,764;2989135,219;5426399,902;3714558,871;2941669,78;8334941,411;3327820,798;3599550,258;1973218,786;2313706,562;3317974,708;2181607,322;1957956,769;9375867,814;5608281,717;4644197,76;6167612,623;3856991,013;0;0;0;0;0
130;44,00550522;15,0541586;266598,0026;99453,58398;176543,645;278832,1692;295355,8359;242161,0839;173537,9241;198754,1159;210301,6978;209217,6484;69960,51609;64948,67637;81740,89936;128178,0711;67697,76846;130954,5074;89445,3334;130952,1015;28534,11799;180406,4212;74791,72892;123817,0979;0,00E+00;0,00E+00;16580,55757;48531,21619;49096,25813;96566,36594;12423,20295;20284,34542;0,00E+00;22572,27052;1468,723342;261519,6726;604092,2476;514398,6249;55930,1146;1067339,479;52539,1023;421254,9837;312657,7048;410099,3205;905343,1425;4272,960522;378521,9348;49803,00933;16499,34965;112800,2157
131;44,00551476;15,18787749;63328,12505;21956,64158;11368,88864;42634,67926;3675,593263;560216,9636;34410,94238;40447,24179;21524,02045;13244,18669;18196,46355;49968,16187;21576,12964;11197,4386;10090,49882;14239,65123;6101,158305;57241,02509;30733,25272;3564,405329;69283,39141;14415,84398;1127774,119;609218,6224;721015,0632;2290799,833;1349911,99;993822,8329;545419,8831;1030341,761;467372,7402;1157548,8;1689788,759;296522,5526;331312,4992;397209,9581;367743,8006;31198,5228;1695414,521;178438,6413;361331,4905;1749763,848;397282,7625;66613,64514;479654,3669;10297,63511;13094,59885;79931,16395
132;44,00564011;15,36470787;5497,573633;8310,587888;8570,534751;8315,169211;22574,64684;80247,30111;11859,94914;8681,372237;10877,43296;8423,741754;17500,7001;3027,05794;5586,812789;7652,524807;5755,417647;17676,83403;5431,199012;13411,95271;18713,90013;103844,1378;8309,839889;47762,97814;43179,42076;18006,99677;10566,21015;6647,822937;12510,13625;75332,33413;0;24287,34034;3419,137558;7366,443752;4663,231905;23023,17147;42578,19792;14989,84489;69134,07352;34208,45824;123786,1488;9443,508806;20331,80901;181810,7672;62223,73969;11176,44913;278350,961;5173,974936;7932,593743;482109,0786
133;44,00571002;17,41270108;62093,56482;24717,80611;3433,228825;27648,99109;3635,557764;88348,88765;10201,68703;14753,02066;9257,192243;11360,63193;5280,537647;8319,731907;8358,312092;192069,1818;14598,92342;4239,897013;8938,596167;7369,855917;10541,67114;44753,9183;116441,4867;12353,00021;21859,33936;10526,2522;5638,065557;114109,2716;24552,26575;59150,32058;64756,45524;255,9477662;1733,189815;26656,89859;27689,16577;2578,458599;4965,124573;1138,376822;24792,14902;45136,22872;26766,28712;2370,858396;16559,92335;18837,7164;128449,4227;6220,908697;1226437,583;10728,79412;8352,149428;163650,3864
137;44,0087368;13,97033637;574447,071;283514,4065;303891,0784;482951,418;250753,6593;266385,8881;354414,1534;534154,119;318339,675;419283,4348;29356,04477;61466,51042;287625,5266;240109,0938;135498,1546;296931,7767;43763,68073;189709,6467;90360,66662;320336,7773;171074,692;160162,9644;2,45E+07;1,60E+07;2,23E+07;2,85E+07;2,63E+07;2,64E+07;2,94E+07;2,12E+07;2,24E+07;2,63E+07;2,90E+07;1400887,831;3809794,095;5150454,297;5498409,412;4510572,054;4658264,213;4892395,427;4798489,674;1,07E+07;3778880,686;12047,38812;595685,9885;8545,207662;19779,39415;40173,53264
138;55,07028363;16,36637349;3393702,052;1455965,957;1715280,754;5008950,863;1049290,816;1734546,572;1050302,797;4510162,168;4356944,854;1942857,621;68272,39602;171196,5112;1393632,229;1416143,841;82858,38964;3428488,054;134926,7256;736726,4579;304001,9955;6277275;284250,3347;685897,9937;4063147,39;508828,995;515832,2324;2851132,215;1309167,678;1619857,003;2,36E+07;5149912,853;2925419,381;1675847,349;2206342,673;591607,6649;1,54E+07;8177206,703;3622144,951;1453796,821;1029387,054;9485745,755;1542825,98;1341525,402;7590577,475;6628,43144;132460,2842;4815,063015;3977,086277;24667,72854
139;44,01024279;16,47471291;765995,4872;870734,5102;1286731,838;1559720,088;97924,37463;884579,9105;882562,2201;833715,7813;1311293,785;1355300,954;2595,008555;16392,4154;557117,9158;746148,2539;10192,28588;1812471,654;25922,15072;202740,1474;52072,64808;2441244,808;211742,1436;363373,2094;17737,21088;2041,051069;1306,731067;5841795,419;141349,0706;11049,5423;0;334,2540824;0;2479,531681;254089,0049;2284712,315;3052391,21;4482875,81;3628548,924;1815760,725;1,37E+07;3546572,567;1,42E+07;1,42E+07;1,52E+07;7951,766506;1261244,956;5235,695998;8948,310365;1362825,893
140;55,07019849;16,81674776;196,6197895;173,9986913;912,1665034;27,54590998;375,9544931;685,0846323;177,6765445;354,0461506;454,3721154;1254,141651;794,5264572;1031,802089;1975,566967;417,9558266;2242,752179;446,8504799;757,5869201;1501,564038;1096,514767;1360,49084;457,1798855;1332,585144;93,17222263;59867,73174;644,2559139;0;0;532,0935775;155,0471686;1602,435932;1150,977288;37,91839826;361,7067474;308183,2364;1,29E+07;7562425,355;2,70E+07;2851261,591;3,40E+07;1,42E+07;1,24E+07;4,64E+07;1,70E+07;1335,997726;786,7141399;613,5965144;1098,773293;3895,456925
141;44,00726175;17,17904256;99459,14837;46399,22356;16658,60083;217229,7436;19125,42206;103384,0749;12181,85907;41058,32998;49709,33133;9287,98174;42763,94855;12042,51797;10714,46472;44179,62184;108738,7161;11328,87967;119200,5501;25077,62469;5840,711327;209655,2326;23064,17719;33731,69698;1660101,418;905789,1547;1107900,611;4388047,34;2026295,267;2757954,762;502466,545;3644026,424;887472,6752;2112017,49;2703595,217;3581148,799;5801488,751;5692247,133;1,02E+07;3734442,773;9023895,822;3707339,514;4248330,399;1,21E+07;1,09E+07;30721,42026;276031,7891;20907,81516;13745,24995;135285,284
142;44,00920366;26,64054583;27281,33656;85224,39707;5987,592233;1647479,488;7774,738884;20369,17167;170833,1898;8269,477971;12031,60417;5770,09496;11334,59917;24544,0627;32685,42425;11273,29195;23574,70141;58151,86584;43324,57128;6032,851593;28914,89781;182303,4591;9029,794249;6027,39498;153899,3943;70302,7592;160312,2845;16581,71787;71085,8907;439158,4374;2029,026268;732614,4094;723846,5986;112346,3731;199398,2984;2631702,769;4947130,044;3434955,347;2360197,184;2992506,124;7167966,85;5117192,862;8960921,45;1,76E+07;8885685,324;9325,31696;5945,143962;4388,633624;6294,248217;4538,122774
143;68,07461996;28,6918217;0;226993,2612;0;508906,7643;0;0;233249,6429;0;262910,6122;0;48503,62122;0;317149,4727;249443,3801;152908,668;0;197910,8305;65311,77367;217650,0673;1379763,869;37615,6811;102625,4434;495556,5856;0;0;0;440846,333;0;0;0;0,00E+00;0,00E+00;0,00E+00;1,37E+08;1,96E+08;9,75E+07;2,38E+08;9,96E+07;2,27E+08;2,47E+08;2,84E+08;4,74E+08;2,22E+08;0;0;0;0;0
144;207,0776643;28,97541185;1951083,19;1735214,186;1064192,537;3426913,952;2443493,682;1304793,165;2857457,403;4367058,36;7381124,457;2273834,14;205805,9428;1330459,591;495793,8552;1649483,835;266828,8964;1315098,779;1609288,019;753223,1503;1529535;4060208,121;741564,1801;360599,2965;1,27E+07;5607496,414;7363685,951;1,42E+07;8645566,866;1,81E+07;2,59E+07;1,13E+07;1,72E+07;1,39E+07;1,20E+07;9706518,995;8619971,008;2,31E+07;9234380,034;1,14E+07;1,93E+07;1,39E+07;1,32E+07;1,32E+07;1,08E+07;0;0;0;0;0
145;55,06860214;30,50338224;56086,95057;47958,78953;302658,2052;27376,98218;17656,43678;93699,93206;284782,281;128707,2652;427600,6005;16155,12655;574,7570181;836,0827559;8466,847893;1911,442951;15343,02547;44574,49591;13586,30353;8261,452038;17403,80581;56032,58476;6284,022924;2522,490459;4885,955406;4888,217926;5558,697803;55164,5016;11268,66211;13358,28847;81798,05254;12393,77015;85920,29894;11814,9323;490,5557038;8409100,753;2,33E+07;5991641,176;2,20E+07;2,20E+07;6,65E+07;4,91E+07;9,31E+07;1,03E+08;5,50E+07;0;0;0;0;0
149;43,06833901;13,75098653;8857479,547;3721266,473;3218677,216;7161563,588;2288718,141;3156056,515;4018494,328;1,21E+07;5786835,6;6414325,754;228976,8504;1064316,936;5670360,063;3475145,148;961800,322;6260346,829;437976,1262;3683902,407;2845338,421;6883459,135;1856361,923;2823478,432;2,11E+07;9993251,189;4431110,504;1,30E+07;6611215,163;5616257,865;3,58E+07;3,79E+07;2,20E+07;2,02E+07;1,11E+07;4361377,41;2,03E+07;1,26E+07;1,35E+07;4569260,204;8608520,618;1,62E+07;8777325,127;1,05E+07;1,64E+07;2168,275267;0;10833,7767;1439,431134;0
150;41,05459242;13,97281631;83004,56437;30709,54756;37453,63404;65122,60271;29550,59385;37042,67607;43478,59726;68255,64706;39547,7258;51213,79622;4289,279954;4739,692038;37210,81901;24888,19089;12754,07735;32684,82402;3410,728211;24952,19041;6549,133713;46983,17378;10527,06486;16660,65973;6,18E+07;1,40E+07;6,32E+07;1,74E+08;1,37E+08;1,56E+08;1,40E+08;8,14E+07;7,78E+07;1,27E+08;1,33E+08;268238,7585;2025007,699;3203842,336;4156320,536;1179774,404;1965021,56;3188338,673;3338855,981;6009168,031;2263269,387;2739,175971;0;1144,995405;1896,839788;0
151;69,08143054;14,27429651;10502,32862;8619,366242;31319,05153;12122,0363;8609,94757;30642,28966;27163,92417;7758,590848;10872,79173;3463,864053;36195,28819;36602,08025;7507,927038;9006,67717;10404,67948;8196,486259;32530,41865;11720,38172;9780,181176;17714,33232;9601,297581;5401,107272;3,28E+07;6447708,294;4,17E+07;1,33E+08;1,13E+08;1,12E+08;1,14E+08;6,00E+07;5,17E+07;9,25E+07;9,94E+07;324154,9072;1466170,435;3109792,078;1,17E+07;1802542,687;3225961,358;2024087,354;1894357,077;6675355,003;3901516,078;3809,541625;7298,54552;2019,580252;2463,686637;4796,78333
153;41,05460524;14,68613945;101468,7351;46547,14837;71820,08826;38834,20413;28269,22708;127179,7308;70687,96748;42699,01917;40018,2991;68792,8962;80609,87693;62987,63239;99098,17792;42004,20407;78881,94202;76288,53024;37113,06076;60016,54293;54298,3839;160811,0707;38041,30818;31094,87443;2,61E+08;9,39E+07;2,94E+08;4,85E+08;4,46E+08;4,42E+08;9042616,664;3,32E+08;3,05E+08;3,94E+08;4,15E+08;102769,6092;494254,7862;224651,7975;176679,1713;86022,72766;471649,3335;182383,5829;186396,2935;578436,6394;406216,7738;8935,392751;0;5250,725906;4146,902351;0
154;104,0751388;23,52092195;1699,433795;553,0930086;397,4794989;3785,986295;640,1655183;4226,715838;904,5848982;47,69363754;2087,324215;430,244584;200,7842348;301,0987523;1483,472097;44,32749331;712,0349597;954,6178501;1170,300062;224,9861706;176,635273;0;806,6588136;875,6905852;376223,3134;557870,3313;5988052,587;398556,6503;107672,4995;4067942,123;1206084,952;233899,805;1452386,223;2,02E+07;211518,9704;1390,846022;5335,962136;5241,476947;7279,842816;3165,636654;21959,22787;2253,804526;9987,583035;20839,48723;11101,72375;49,80236292;33,43482288;54,43603523;91,0937976;16,79882143
155;44,00601923;25,66625445;19295,00689;12479,22757;13001,71345;56786,48507;3473,39357;7984,662264;36658,11123;12907,5566;35698,14083;5306,608646;23915,81172;21062,1998;353833,0821;14749,7613;230530,8962;728908,9929;80849,38853;43955,0781;6073,470517;452828,8249;5029,591464;498560,748;754581,3933;760978,2673;2825180,285;1037341,015;662070,0918;2853589,751;1985613,404;1642154,621;1442623,437;2595272,742;369963,0387;42158,55927;166248,4357;82907,17131;62921,9051;35897,3648;372434,577;8536,128116;238393,9399;25097,43069;4911,956611;5751,817798;9449,433125;7739,92816;6007,974608;4622,662383
158;57,08410401;21,28241939;1065134,438;908228,6682;1131142,097;1646706,295;580383,4749;3360303,08;680919,2052;997144,3986;1255721,599;1768350,656;249495,6155;1077898,215;765694,1693;1646544,928;274332,942;1249908,226;1034061,469;210086,1864;1548540,351;8159764,046;1162614,243;293856,7755;1,04E+07;2,51E+07;8769634,618;1,66E+07;9310206,517;2,34E+07;1,46E+07;1,05E+07;2,76E+07;3,45E+07;8803998,624;9555273,04;5616850,346;3,55E+07;9145203,471;3397817,57;5,04E+07;4,30E+07;1,99E+07;4,89E+07;3,56E+07;1874,197246;443,8772064;1942,719897;697,70351;327,5184155
159;57,08506575;23,74603721;3741414,97;626091,6812;660922,9746;1637762,739;924431,5878;7858685,652;853580,0176;2311562,352;1386906,045;1592627,934;182113,3121;1026995,638;835199,756;1279367,01;104188,8766;2240041,484;943411,608;435933,422;2009006,753;7947315,441;1396021,967;126708,5658;3,86E+07;4,88E+07;3,57E+07;5,45E+07;2,68E+07;6,56E+07;3,72E+07;2,01E+07;7,17E+07;7,31E+07;1,80E+07;1,31E+07;1,51E+07;6,85E+07;1,86E+07;1,27E+07;9,20E+07;1,25E+08;3,95E+07;1,21E+08;5,16E+07;1214,94029;752,5505873;327,0830229;293,7639341;203,8196336
160;44,09847677;28,21208697;868,0692812;22111,78508;11147,92387;0;12864,0026;637,222771;11303,03998;9397,797182;14336,06151;22925,22836;11343,7386;6445,364912;25955,77712;34901,42362;850,7307273;2117,605822;11869,74002;6750,672073;8754,587629;367,2625655;19372,79344;7383,59225;144,5163851;3519,462747;9624,905363;4354770,451;12863,76715;0,00E+00;0,00E+00;23,83268634;0,00E+00;0,00E+00;10623,47283;0;0;0,00E+00;0,00E+00;64,42653783;0,00E+00;0,00E+00;0,00E+00;0,00E+00;0,00E+00;0;0;0;0;0
161;55,07048603;28,62785834;2,86E+07;2,17E+07;2,56E+07;3,40E+07;2,06E+07;2,68E+07;2,46E+07;3,36E+07;1,97E+07;2,72E+07;8289814,853;2,37E+07;3,05E+07;2,67E+07;5619230,947;5,95E+07;1,95E+07;7158833,379;2,54E+07;7,69E+07;1,13E+07;1,23E+07;3,06E+07;2,73E+07;3,56E+07;2,93E+07;3,57E+07;5,80E+07;6,18E+07;2,29E+07;1,20E+08;3,40E+07;2,05E+07;1,50E+07;3,46E+07;1,18E+08;2,14E+07;2,51E+07;2,13E+08;3,74E+08;2,64E+08;3,81E+08;3,59E+08;0;0;0;0,00E+00;0,00E+00
164;207,0759474;30,67210296;1,51E+07;1580809,292;6110822,366;2,47E+07;1,21E+07;2,11E+07;1,34E+07;1,85E+07;1,17E+07;1,34E+07;824266,1267;4119711,401;1,52E+07;1778800,181;4766813,032;2,34E+07;1,46E+07;7678384,258;1,65E+07;4,52E+07;1,14E+07;7564277,82;3870157,144;1,46E+07;2506012,73;8840425,559;2,76E+07;9695677,397;1,28E+07;1,11E+07;4,62E+07;2640726,182;752002,2032;0,00E+00;5,68E+07;0,00E+00;0,00E+00;59260,06297;2,83E+07;6,34E+07;94680,24057;5,06E+07;5,84E+07;0;0;0;0;0,00E+00
166;207,066795;38,31371568;1,81E+07;2,84E+07;3,00E+07;2,01E+07;1,57E+07;1,75E+07;2,44E+07;3,34E+07;2,20E+07;4,07E+07;7976092,782;1,47E+07;2,52E+07;2,10E+07;6553532,604;1,87E+07;1,15E+07;1,23E+07;4,33E+07;4,60E+07;1,49E+07;1,24E+07;3,99E+07;2,87E+07;3,69E+07;1,64E+07;4,92E+07;3,64E+07;5,34E+07;4,26E+07;7,51E+07;2,67E+07;1,92E+07;2,70E+07;4,75E+07;3,72E+07;6,04E+07;3,08E+07;4,96E+07;4,69E+07;3,58E+07;3,13E+07;4,47E+07;0;0;0;0,00E+00;0,00E+00
169;88,05794145;14,27107327;0,00E+00;0,00E+00;0,00E+00;0,00E+00;0,00E+00;0,00E+00;0,00E+00;0,00E+00;0,00E+00;0,00E+00;0;0,00E+00;0,00E+00;0,00E+00;0,00E+00;0,00E+00;0,00E+00;0,00E+00;0,00E+00;0,00E+00;0,00E+00;0,00E+00;0,00E+00;0,00E+00;0,00E+00;0,00E+00;0,00E+00;0,00E+00;0,00E+00;138577,2028;27056,46515;0,00E+00;0,00E+00;850884,415;6391988,069;1,60E+07;7,95E+07;1,17E+07;2,06E+07;1,05E+07;9263508,446;4,05E+07;2,26E+07;0;0;0;0,00E+00;0,00E+00
170;44,00888161;21,91914947;773714,1755;367482,9255;505910,9268;531330,9636;661000,901;529949,8348;429117,1739;289773,6089;485146,7093;374569,8167;153993,1563;52667,5005;311875,8349;141987,2964;421436,6598;343225,1566;89261,66327;289118,6923;76206,94407;47873,21042;130160,9852;205928,5456;111371,0184;99554,43563;270377,0697;126302,9203;215322,3937;219141,5413;1068107,352;107654,4793;149438,2827;124901,3646;169822,0253;3,07E+07;2,34E+07;6808682,489;1,32E+07;0,00E+00;3,20E+07;4,45E+07;8567065,844;4,56E+07;5,56E+07;138539,6098;55381,729;142115,7302;98241,68348;156708,0151
171;55,06957106;28,97374529;282769,2009;274919,7103;170766,8482;632261,4116;343144,0071;209351,0417;488103,468;833460,8795;1398668,184;331223,8349;32378,96805;216416,4667;62953,95077;197999,7976;35064,35567;198401,809;285684,6057;89079,40716;237875,9752;963847,9464;58391,93583;37325,05843;5396408,304;1362711,322;1861936,623;6586549,388;2405269,908;1,05E+07;2,12E+07;4336814,125;1,15E+07;5634503,23;4153112,421;5014558,745;6959454,569;2,20E+07;7248625,017;5012125,585;1,74E+07;1,80E+07;3,17E+07;1,34E+07;8918543,924;0;0;0;0,00E+00;0,00E+00
176;44,00706221;13,24592695;561106,7911;666804,6582;772769,5895;556528,5091;393484,8048;738141,3105;610012,522;737915,0859;319548,6631;457835,5957;380511,4056;410391,8356;688558,1469;380994,8223;244743,2093;632027,982;221180,329;350295,7697;304799,0789;804744,1489;131282,5005;285094,6247;6879683,625;3765011,951;5670228,889;9314599,24;7781782,603;7048298,889;1,09E+07;6563462,509;5746457,516;7346030,218;8768791,618;1228184,095;1205598,275;3336588,911;3088516,776;1447181,211;2685675,887;1667837,962;2379534,394;5937507,443;2875732,667;181882,6267;916094,9193;90115,14599;122696,4995;688837,7091
177;44,00743002;15,8453184;269814,281;258736,6875;335892,7384;207695,2563;196220,5834;197151,7812;218840,1995;274765,9599;198130,1362;253472,6011;136881,7292;129664,5486;345757,1772;175749,1314;142190,0621;285898,1333;133895,9323;143565,1457;154138,2922;290504,9351;130733,8014;196319,1151;1054412,812;376198,8928;345139,7192;521346,1334;341820,7826;547242,269;740665,465;1020447,68;700688,2567;524190,8498;565762,6969;212266,1918;603709,514;1893824,737;3540585,116;376180,4491;4266089,516;2185963,811;2551022,688;5272849,062;4488060,956;308611,794;598142,843;210611,658;228958,993;898793,3329
178;88,05785083;17,17365459;0;0;0;0;0;0;0;0;0;0;0;0;0;0;0;0;0;0;0;0;0;0;0;0;0;0;0;5080,295531;0,00E+00;0;0;0;0;395692,2362;3699531,106;3521551,465;8585612,036;416675,9412;4694259,945;1351224,685;1560605,586;1,06E+07;7093008,35;0;0;0;0;0
181;44,00569763;16,84297564;7691,823414;7632,539514;7424,195167;187,5219944;6524,025258;5703,203807;1571,747864;2076,550962;5757,992683;7381,965067;16193,54006;7911,783521;12335,7829;2128,720546;19437,35761;2912,045404;5818,46897;11664,96015;8365,223597;5025,678568;7000,386157;13598,45582;995938,3511;296793,3026;1201051,045;2718745,889;2323631,124;2756368,298;709,7101421;1854625,22;1202586,965;1973309,308;2135480,705;1710543,911;1,18E+07;9639221,651;2,01E+07;7036465,822;2,16E+07;1,22E+07;1,41E+07;2,09E+07;1,30E+07;13322,54622;30876,72688;10708,68447;14479,6568;2210682,738
182;44,00564626;29,33016187;64381,43671;129328,5421;196934,8426;50831,7617;102110,4037;228679,8661;283443,6064;54495,88661;34654,28942;127396,9281;100926,2619;254567,2133;1268380,187;131625,7882;290677,6679;598320,7966;289220,5666;313252,8795;156632,3954;1376255,126;605332,5498;271191,7201;108983,6218;122589,0206;75941,25692;1067238,244;516268,0453;244180,2853;618639,0272;177654,2406;403771,9266;165112,1245;97793,81831;1320861,799;6190894,244;3464495,088;2447897,457;2574604,578;4265693,225;1939967,948;3104332,637;5378691,314;9706110,359;0;0;0;0;0
184;69,08177194;16,51300243;30869,3257;32820,52842;61396,25582;88090,77529;5813,675557;37344,40084;32466,86546;38299,83239;73503,37208;65810,07408;1777,120991;799,4434338;25553,81695;29688,71524;2783,233606;119737,6215;951,1006552;4850,925963;3169,857295;285547,0872;3135,514268;11365,33589;3537,405882;7828,932449;5254,6975;2456,585914;5176,788276;1489,985647;0;12191,56733;10178,72618;432,6584165;8900,86055;368339,0221;1577797,064;2639094,576;1197441,157;84775,78297;1,55E+07;968033,4317;2,11E+07;2,09E+07;2,46E+07;343,1684209;18379,47071;160,6583383;263,4086226;24012,06914
185;44,00610874;19,27826195;176186,8925;168131,4506;383562,8361;162028,0709;166890,0715;83556,05014;88080,21683;73532,72949;247208,6648;214652,4204;56353,40521;81268,2566;173216,1964;82598,58216;61639,02728;227419,2084;76408,78637;53286,78423;90935,86308;80329,46025;81531,07094;107500,9631;178687,0899;36990,64456;106047,8337;321630,3361;88878,33858;125990,6569;235072,3449;82147,40077;134069,0097;252030,0834;170523,8657;5842911,781;2906618,383;2170081,005;2831717,817;4021067,137;4534884,349;7397606,517;5926222,604;5323178,167;7537052,976;38801,69839;25750,55177;42766,82268;19280,50506;38332,77391
186;44,00594974;20,82258771;458971,8071;346232,6623;434910,1624;645575,5549;232353,4052;1553056,442;379520,6706;434738,0126;449236,1138;491929,9539;179970,5213;215272,1535;238386,2398;100280,0471;179235,9747;296213,7847;254240,8135;173311,3767;257231,0435;343881,154;174055,0013;391281,9548;110717,5318;256916,3923;280118,4671;119041,6533;207287,5084;90460,15613;597026,6058;25592,44074;280687,4447;0;66655,7697;320336,0462;1643743,014;884787,4893;1213274,29;449631,2715;3189230,682;655854,7135;2124245,05;2715126,059;1869812,927;18602,93995;114231,5119;44557,35655;48113,38965;6032,494663
187;69,08174805;24,33698579;3593,870088;1310,66852;2025,144096;1938,144863;3118,697642;5621,703367;1361,598194;1665,644907;408,5880706;769,6813192;242,7147128;466,9492326;972,8262264;614,4732673;2221,605461;2178,099035;806,4870748;304,9676329;1036,78943;5092,232012;894,9834061;1200,153471;39225,23596;12405,07108;29822,34057;76459,17014;22410,17743;413435,8179;60814,45915;28397,28729;45885,96712;969239,2303;317773,1903;785722,4752;5534760,39;7313343,87;6231447,454;931840,8573;1,98E+07;2446284,597;2,65E+07;7,97E+07;5,27E+07;441,8097061;539,0499953;165,6562774;321,0577873;342,5875994
188;44,00628079;26,39331676;128547,7737;31325,98731;156743,4507;1446698,821;217529,5291;79558,69669;852098,0099;232625,6872;192831,0726;299425,0928;206626,5028;46705,07103;52606,41703;33716,64795;90442,14141;63647,1973;41698,51699;4307,286303;14735,21401;259979,07;35246,59785;25387,29308;495290,6232;135038,4462;205085,8072;557943,6922;75691,8649;417671,9201;588633,2502;633125,6011;455060,8769;603319,0391;119476,3477;417299,5494;2010097,886;2361635,714;2159668,162;769708,8828;6964202,948;1282457,068;7034819,903;1,29E+07;4375122,906;5344,164458;9720,869591;14082,88323;1846,8812;4643,238882
189;43,07000235;28,62323742;2,81E+07;2,14E+07;2,49E+07;3,35E+07;2,02E+07;2,62E+07;2,40E+07;3,31E+07;1,97E+07;2,67E+07;7600528,195;2,24E+07;2,93E+07;2,63E+07;5193779,617;5,83E+07;1,83E+07;6998698,445;2,42E+07;7,64E+07;1,14E+07;1,22E+07;2,88E+07;2,55E+07;3,40E+07;3,27E+07;3,47E+07;5,48E+07;5,91E+07;2,61E+07;1,16E+08;3,64E+07;2,01E+07;1,43E+07;3,35E+07;1,19E+08;2,07E+07;2,45E+07;4,69E+07;3,95E+08;2,73E+08;5,59E+07;3,75E+08;0;0;0;0,00E+00;0,00E+00
190;43,06930277;28,97802532;276959,6322;271892,5005;137683,8133;573079,1355;319165,3548;189804,6492;461184,9582;853573,9593;1389273,749;310803,1651;21389,21752;149576,2275;44004,84921;180027,6827;22366,58111;159968,9184;170965,306;75919,90968;173156,3712;729320,5376;47734,71382;30755,74453;3441319,501;868753,4597;1318233,228;4306741,852;1781584,499;7731581,991;1,79E+07;2790397,597;9288976,545;4012950,836;2711278,3;4262017,388;5585789,296;1,75E+07;6032454,386;4606928,057;1,82E+07;1,40E+07;3,50E+07;1,30E+07;8157576,702;0;0;0;0;0
192;55,06892047;30,6322654;560,8664857;2140,953065;150,0384034;226,4566438;0;1128,539817;9,126378918;0;2021,309549;0;112294,6822;659732,1008;3432095,04;177102,4744;683764,9847;0;4248406,218;0;5244696,979;0;2142794,01;0;630026,376;4238039,87;323072,7608;2867421,415;9707908,154;3447589,653;0;4202659,45;0;383900,1032;71049,56101;0;0;0;0;30053,94949;698284,943;0;40602,86006;750004,6921;20032,14599;0;0;0;0;0
193;57,08506855;28,20667317;328232,9371;86362,71207;40052,08508;219602,8692;38354,10102;261995,242;271292,7842;104698,5741;227435,5863;87566,85553;35671,03729;17288,45995;86928,64557;126179,7734;2074,438976;266335,7873;37134,64761;19095,8824;24029,71032;398905,0532;334690,622;18431,00311;1919442,654;434312,9037;753762,7817;1562087,471;701175,975;3916672,614;1277816,457;815411,2312;6422278,699;914837,4267;963929,3053;370238,3962;334230,5796;831354,291;351727,4996;218104,1988;3476078,245;1459162,329;1350429,692;1779241,637;766195,7953;0;0;0;0;0
194;165,1242284;28,67414325;722704,8378;2546573,883;860124,5001;2475651,004;525094,2977;889155,1486;480537,0354;3923577,501;4527620,913;1722946,737;201602,4466;1152166,098;1333341,326;1984167,448;323668,067;3698370,964;2264078,664;237609,1373;2148801,674;3,42E+07;302689,999;565174,2058;2317954,763;1185288,275;3905747,137;2301555,291;5620777,452;3691206,947;2819836,761;2385056,568;3,19E+07;4663657,88;779311,2092;7238596,404;1,72E+07;3936817,134;1,08E+07;1,24E+07;2,78E+07;2,69E+07;1,20E+07;1,57E+07;2,19E+07;0;0;0;0;0
195;57,08487711;31,57293499;33511,47634;26112,25689;85270,75767;923,5488954;13264,92788;9313,843485;39945,4498;15200,08611;22753,92564;23265,91385;289001,9974;378968,0089;229205,5869;1046354,682;338802,1546;317929,336;558933,1764;226248,4692;3025243,088;9516591,095;1434808,281;16618,38597;3869417,789;4031165,398;699429,4399;168163,0241;311602,6783;9268010,699;1142270,5;38216,44974;5,74E+07;4613768,251;1701949,225;23459,57111;25709,80347;45217,40917;1970,84129;50,18086415;33228,27406;31103,98842;37377,99095;38022,54131;82311,26104;0;0;0;0;0
197;55,06503737;38,33071419;2145582,572;5051516,235;6522232,804;4392370,788;1685628,903;2099011,395;4114939,188;7029764,945;3580561,576;1,12E+07;4063,287601;1224145,174;2958032,469;2157890,558;1087,214166;0;870412,3392;5550,196338;1,28E+07;2,38E+07;9178,591286;3365,536319;9737181,803;0;0;0;1,57E+07;0;2,52E+07;1,19E+07;9,29E+07;0,00E+00;165,889358;5969870,935;1,66E+07;1,09E+07;3,39E+07;6648619,221;1,70E+07;1,80E+07;2,20E+07;6609781,414;3,38E+07;0;0;0;0;0
199;68,07456784;21,9175488;15553,89215;6382,315563;10014,40531;10926,25913;11111,98496;11515,20439;8204,365914;5501,270739;9986,809879;7325,502508;2501,061661;344,4238844;5267,983354;2391,107259;7287,58688;5637,012895;1669,179738;5024,611208;1484,106236;1505,017858;1245,794216;3391,018281;2700,953382;2505,009279;5500,42577;3348,706561;4968,574286;6144,497357;22774,81855;2807,406716;5400,965223;3392,084124;4153,48777;2,16E+07;1,13E+07;2509504,937;5841839,216;4,20E+07;1,37E+07;2,83E+07;6,74E+07;3,52E+07;2,25E+08;2138,366328;148,7269008;1330,165713;1278,271521;498,2495803
200;43,06699031;22,1818176;13767,55577;8669,297672;9527,853502;7807,14862;4175,583399;44506,30155;3603,842273;20700,38744;3476,218038;3082,17287;10593,07795;10923,59115;20009,96162;15257,33632;10388,87088;3865,548396;4840,971332;6899,809457;7871,478073;9196,55744;29506,87092;7128,212009;2662,731061;2889,939551;3315,107073;7424,889974;3794,058731;16322,36931;3144,580415;1403,904741;696,8686101;11191,38501;5158,369782;1476754,229;74313,15803;16551,37032;524974,0792;140462,2315;1298817,244;1,45E+07;1948143,509;4647382,49;1,82E+07;9148,381547;1914,412161;3246,529864;2273,807578;2956,893373
201;207,0781063;28,73880489;2747546,765;2219070,732;0;0;1913165,087;3374423,215;3690638,143;3962030,76;0;0;11010,05545;0;3175843,498;0;999486,5121;6583458,628;1820232,593;627564,4065;1906202,642;9121439,329;1025227,351;1630113,048;6989126,629;2358164,841;0;7609682,481;5246935,939;8661830,005;0;6360655,683;1,16E+07;0,00E+00;4851701,326;2,07E+07;2,47E+07;0;2,37E+07;2,39E+07;2,37E+07;1,39E+07;2,95E+07;2,70E+07;2,77E+07;0;0;0;0;0
206;44,00565141;12,9463883;437674,2494;295889,8858;545576,1422;167291,0086;371212,8741;528429,4047;334611,6687;252927,6069;310169,7844;518056,7577;328205,8398;348949,548;445522,8889;191425,2592;270037,6851;417878,0858;496669,499;216474,9404;310691,1127;434695,5483;114607,4536;466711,7916;472859,7819;416284,6248;508962,9884;413336,5369;520125,0081;742215,3498;308460,8984;429303,7368;640437,8322;468570,8106;478439,0199;229208,4101;770553,458;2281281,311;2492820,167;355295,0938;1406165,362;1089851,457;2253175,241;2154041,426;422933,6578;259826,935;271054,156;165150,7032;227975,1036;567135,5573
207;225,2588167;28,98553101;43750,82914;73292,78278;11298,16293;115182,2456;34139,30803;19542,56382;103628,6907;347489,3661;283126,771;53693,20746;494,3387415;5697,752708;1270,734371;18430,4993;601,2167982;546,7713582;16922,9095;3599,091795;4488,977302;147621,0948;35,29363607;54,98538314;0;1151,685583;526746,3598;2219702,915;783120,749;5213369,613;1,62E+07;1215335,002;6561754,692;2202291,525;1407687,79;2343827,308;3219814,451;1,44E+07;3725025,114;3004111,318;1,39E+07;9163656,006;3,87E+07;9895934,675;5007334,181;0;0;0;0;0
210;55,06999676;13,96455443;91464,55352;32041,92553;39255,13138;66559,18482;29387,28071;37665,35997;45367,51102;81530,05641;44358,94183;58046,58661;3680,47925;8839,249834;47931,18455;29021,57897;19449,77299;40400,27311;5223,545852;25918,68646;14298,72794;63387,50626;13227,18214;20076,00344;4,05E+07;1,05E+07;3,93E+07;1,02E+08;8,46E+07;9,68E+07;521604,352;5,49E+07;5,03E+07;8,04E+07;8,34E+07;235757,63;2182470,736;3564350,839;4873232,284;1237124,656;2384521,179;3894108,828;3790790,048;6204449,158;2624162,606;1519,697609;130905,0254;2570,48661;1937,825365;4979,30357
211;69,08196871;26,39137811;4409,111868;980,6333242;5631,147198;70680,31034;7120,783643;3263,244145;35647,87336;8180,639915;6769,820692;10162,56113;8278,502938;1679,464454;1722,380038;450,9217596;3132,530458;1975,283191;1575,561107;140,4027515;527,9372601;13556,04884;556,6789761;679,9330287;25634,14516;6533,708745;8577,143722;31174,46184;3338,737066;30312,42478;28749,11794;35888,00613;34180,98488;39954,14057;5510,766783;24176,89989;210825,1308;304528,8326;282755,2772;30251,83673;3839399,705;100652,7824;4501204,68;9239244,649;872867,9504;187,1694316;56,20974806;217,872536;58,08106098;32,79405025
212;69,08193215;26,64285861;930,6908245;2811,737238;208,8198187;91273,73999;246,4765261;820,9953713;6230,574456;268,6366537;404,7602456;179,3322781;437,8671819;903,5097208;1071,958311;308,3687776;835,4329844;1824,24732;1696,080577;199,037241;1080,048304;9696,413969;131,0400702;160,8887766;7319,49932;3228,466029;6173,838284;21242,10852;2928,431154;25703,02941;84,50135712;41405,72425;45418,18636;5888,207853;8308,694804;214477,3434;769253,2117;1277462,35;698990,9623;83017,42428;2768070,997;552273,308;6177918,868;1,66E+07;4582629,935;339,9288337;34,70118727;68,20180756;203,3913671;31,19787642
213;55,06909301;30,09602195;1704788,775;4979854,548;6915149,75;2260678,317;437775,9701;369099,8686;1568904,513;1539092,377;442904,4618;645663,9478;1582588,094;2409791,393;643127,9467;6737248,453;210167,7448;591881,4451;214615,2907;155911,4834;172848,5837;1083960,996;69676,22478;91026,15138;2145680,629;130799,1462;5289130,407;248253,1504;189943,5545;1662004,075;343813,4157;352198,2969;692484,2592;7651652,958;1179211,621;873555,5276;531129,506;4462538,341;1377167,632;5191329,943;1,04E+07;3566552,66;1069580,824;1,33E+07;3595035,128;0;0;0;0;0
218;44,00577194;14,11082413;794664,3398;47991,08802;33841,67193;37034,39293;1113862,608;4017,617941;17169,64433;8174,701908;19025,11476;25877,13877;79163,88837;98267,36569;40687,87772;49844,20938;86036,80381;15303,78273;77050,34337;59359,45948;91225,12963;45588,18235;55114,3617;47671,22852;2628149,393;1057560,858;0;0;0;0;1,28E+07;1742076,108;0;0;4726370,909;64651,68791;48056,41282;21428,94332;100184,5714;55936,31887;63578,08555;193828,8581;63135,38209;66455,50424;4742762,79;107320,9271;135415,2899;63627,69417;56119,32991;167803,2189
219;82,08827605;21,95723731;10377,97337;3560,239392;6442,942952;7045,822924;7808,040058;8699,721823;5160,320005;3297,870875;6226,389662;4254,529915;506,7293066;1873,37106;1177,38936;965,5615354;240,6548852;3097,657459;318,9647618;223,0621687;354,5776012;210,8248729;381,9701141;1455,281127;509,8087909;711,1426302;548,2246318;906,7837159;365,6280757;701,9945989;15518,44621;157,0253042;797,0931869;188,8513828;1164,794778;4296486,525;1225813,274;338447,7095;2778216,232;8320391,523;5415617,018;2,15E+07;1,97E+07;2,36E+07;4,89E+07;564,93747;0;550,8843304;111,0248869;51,31232001
220;68,07485014;28,70542254;0;125961,2705;0;355623,7383;0;0;146744,7803;0;154046,9723;0;306,3636422;0;169790,9589;0;63560,65206;0;97464,19427;36666,07953;105303,3031;0;21095,52276;59239,40442;0;0;0;0;0;0;0;0;0,00E+00;0,00E+00;0,00E+00;1,21E+08;1,77E+08;8,07E+07;1,74E+08;9,73E+07;1,84E+08;4,00E+08;2,58E+08;4,10E+08;1,68E+08;0;0;0;0;0
221;69,08245919;29,32993461;3130,890851;6851,441591;11470,35799;2904,286221;4812,656451;13570,11563;16110,81242;3084,742451;4094,151492;6354,576161;5690,193811;15255,24003;83466,40259;5703,778779;15310,81298;39447,17494;17823,16881;15949,46773;8829,051953;138010,107;16499,51761;11789,60031;7539,903624;7539,205292;4461,772281;103671,0951;38081,96762;20542,15507;57732,56974;14096,09208;47524,74565;11817,06496;5391,644937;193868,2067;3424520,024;1326770,447;637323,5607;476397,7966;2518760,637;483855,2548;1225561,254;4551841,365;9798091,732;0;0;0;0;0
